2023-10-20 14:32:23.707 INFO  page.GlobalFunctions Taking screen shot....
2023-10-20 14:35:02.802 INFO  page.CommonPage launching Vender application
2023-10-20 14:35:02.962 INFO  page.GlobalFunctions Taking screen shot....
2023-10-20 14:35:02.984 INFO  utility.ReadXml Key:forgot password value: Forgot Password
2023-10-20 14:35:03.357 INFO  page.GlobalFunctions actualText Forgot Password expectedText Forgot Password
2023-10-20 14:35:03.559 INFO  page.GlobalFunctions Taking screen shot....
2023-10-20 14:35:03.570 INFO  utility.ReadXml Key:username value: Jayalakshmi.X-Hegde@neviton.com
2023-10-20 14:35:03.627 INFO  page.GlobalFunctions Element is displayed [[ChromeDriver: chrome on windows (d19d04ea6ac3c6ff84357d90fa221f5e)] -> id: Username]
2023-10-20 14:35:03.694 INFO  page.GlobalFunctions Text in the field is cleard [[ChromeDriver: chrome on windows (d19d04ea6ac3c6ff84357d90fa221f5e)] -> id: Username]
2023-10-20 14:35:03.916 INFO  page.GlobalFunctions Enter the value Jayalakshmi.X-Hegde@neviton.com
2023-10-20 14:35:04.069 INFO  page.GlobalFunctions Taking screen shot....
2023-10-20 14:35:04.085 INFO  utility.ReadXml Key:password value: NRXcZ93suQ
2023-10-20 14:35:04.147 INFO  page.GlobalFunctions Element is displayed [[ChromeDriver: chrome on windows (d19d04ea6ac3c6ff84357d90fa221f5e)] -> id: outlined-adornment-password]
2023-10-20 14:35:04.201 INFO  page.GlobalFunctions Text in the field is cleard [[ChromeDriver: chrome on windows (d19d04ea6ac3c6ff84357d90fa221f5e)] -> id: outlined-adornment-password]
2023-10-20 14:35:04.302 INFO  page.GlobalFunctions Enter the value NRXcZ93suQ
2023-10-20 14:35:04.457 INFO  page.GlobalFunctions Taking screen shot....
2023-10-20 14:35:04.518 INFO  page.GlobalFunctions Element is displayed [[ChromeDriver: chrome on windows (d19d04ea6ac3c6ff84357d90fa221f5e)] -> xpath: //button[text()='Login']]
2023-10-20 14:35:04.757 INFO  page.GlobalFunctions Taking screen shot....
2023-10-20 14:37:33.710 INFO  page.CommonPage launching Vender application
2023-10-20 14:37:33.884 INFO  page.GlobalFunctions Taking screen shot....
2023-10-20 14:37:33.913 INFO  utility.ReadXml Key:forgot password value: Forgot Password
2023-10-20 14:37:34.042 INFO  page.GlobalFunctions actualText Forgot Password expectedText Forgot Password
2023-10-20 14:37:34.175 INFO  page.GlobalFunctions Taking screen shot....
2023-10-20 14:37:34.187 INFO  utility.ReadXml Key:username value: Jayalakshmi.X-Hegde@neviton.com
2023-10-20 14:37:34.251 INFO  page.GlobalFunctions Element is displayed [[ChromeDriver: chrome on windows (1d6b1a8edef6db8d6785fe517b9cde4c)] -> id: Username]
2023-10-20 14:37:34.312 INFO  page.GlobalFunctions Text in the field is cleard [[ChromeDriver: chrome on windows (1d6b1a8edef6db8d6785fe517b9cde4c)] -> id: Username]
2023-10-20 14:37:34.528 INFO  page.GlobalFunctions Enter the value Jayalakshmi.X-Hegde@neviton.com
2023-10-20 14:37:34.678 INFO  page.GlobalFunctions Taking screen shot....
2023-10-20 14:37:34.694 INFO  utility.ReadXml Key:password value: NRXcZ93suQ
2023-10-20 14:37:34.749 INFO  page.GlobalFunctions Element is displayed [[ChromeDriver: chrome on windows (1d6b1a8edef6db8d6785fe517b9cde4c)] -> id: outlined-adornment-password]
2023-10-20 14:37:34.799 INFO  page.GlobalFunctions Text in the field is cleard [[ChromeDriver: chrome on windows (1d6b1a8edef6db8d6785fe517b9cde4c)] -> id: outlined-adornment-password]
2023-10-20 14:37:34.893 INFO  page.GlobalFunctions Enter the value NRXcZ93suQ
2023-10-20 14:37:35.022 INFO  page.GlobalFunctions Taking screen shot....
2023-10-20 15:13:11.688 INFO  page.CommonPage launching Vender application
2023-10-20 15:13:11.833 INFO  page.GlobalFunctions Taking screen shot....
2023-10-20 15:13:11.859 INFO  utility.ReadXml Key:forgot password value: Forgot Password
2023-10-20 15:13:12.182 INFO  page.GlobalFunctions actualText Forgot Password expectedText Forgot Password
2023-10-20 15:13:12.335 INFO  page.GlobalFunctions Taking screen shot....
2023-10-20 15:13:12.347 INFO  utility.ReadXml Key:user name value: null
2023-10-20 15:16:39.524 INFO  utility.ReadXml Key:user name value: null
2023-10-20 15:48:43.115 INFO  page.CommonPage launching Vender application
2023-10-20 15:48:43.266 INFO  page.GlobalFunctions Taking screen shot....
2023-10-20 15:48:43.296 INFO  utility.ReadXml Key:forgot password value: Forgot Password
2023-10-20 15:48:43.491 INFO  page.GlobalFunctions actualText Forgot Password expectedText Forgot Password
2023-10-20 15:48:43.674 INFO  page.GlobalFunctions Taking screen shot....
2023-10-20 15:48:43.690 INFO  utility.ReadXml Key:user name value: null
2023-10-20 15:50:04.685 INFO  page.GlobalFunctions text value 
2023-10-20 15:51:45.198 INFO  page.GlobalFunctions text value 
2023-10-20 15:51:46.923 INFO  page.GlobalFunctions text value 
2023-10-20 16:12:23.310 INFO  page.CommonPage launching Vender application
2023-10-20 16:12:23.474 INFO  page.GlobalFunctions Taking screen shot....
2023-10-20 16:12:23.502 INFO  utility.ReadXml Key:forgot password value: Forgot Password
2023-10-20 16:12:23.669 INFO  page.GlobalFunctions actualText Forgot Password expectedText Forgot Password
2023-10-20 16:12:23.851 INFO  page.GlobalFunctions Taking screen shot....
2023-10-20 16:12:23.867 INFO  utility.ReadXml Key:user name value: null
2023-10-20 16:13:33.533 INFO  page.GlobalFunctions text value 
2023-10-20 16:26:37.202 INFO  page.CommonPage launching Vender application
2023-10-20 16:26:37.371 INFO  page.GlobalFunctions Taking screen shot....
2023-10-20 16:26:37.397 INFO  utility.ReadXml Key:forgot password value: Forgot Password
2023-10-20 16:26:37.530 INFO  page.GlobalFunctions actualText Forgot Password expectedText Forgot Password
2023-10-20 16:26:37.712 INFO  page.GlobalFunctions Taking screen shot....
2023-10-20 16:26:37.732 INFO  utility.ReadXml Key:user name value: null
2023-10-20 16:29:30.894 INFO  page.GlobalFunctions text value 
2023-10-20 16:39:22.331 INFO  page.CommonPage launching Vender application
2023-10-20 16:39:22.503 INFO  page.GlobalFunctions Taking screen shot....
2023-10-20 16:39:22.528 INFO  utility.ReadXml Key:forgot password value: Forgot Password
2023-10-20 16:39:22.718 INFO  page.GlobalFunctions actualText Forgot Password expectedText Forgot Password
2023-10-20 16:39:22.915 INFO  page.GlobalFunctions Taking screen shot....
2023-10-20 16:39:22.935 INFO  utility.ReadXml Key:user name default text value: Enter Your User Name *
2023-10-20 16:41:30.256 INFO  page.GlobalFunctions checked all the element in list
2023-10-20 16:41:47.399 INFO  page.GlobalFunctions Taking screen shot....
2023-10-20 16:41:47.418 INFO  utility.ReadXml Key:password default text value: Password *
2023-10-20 16:42:26.516 INFO  page.GlobalFunctions checked all the element in list
2023-10-20 16:46:44.033 INFO  page.CommonPage launching Vender application
2023-10-20 16:46:44.184 INFO  page.GlobalFunctions Taking screen shot....
2023-10-20 16:46:44.213 INFO  utility.ReadXml Key:forgot password value: Forgot Password
2023-10-20 16:46:44.247 INFO  page.GlobalFunctions actualText Forgot Password expectedText Forgot Password
2023-10-20 16:46:44.378 INFO  page.GlobalFunctions Taking screen shot....
2023-10-20 16:46:44.395 INFO  utility.ReadXml Key:password default text value: Password *
2023-10-20 16:49:58.741 INFO  page.CommonPage launching Vender application
2023-10-20 16:49:58.867 INFO  page.GlobalFunctions Taking screen shot....
2023-10-20 16:49:58.893 INFO  utility.ReadXml Key:forgot password value: Forgot Password
2023-10-20 16:50:00.535 INFO  page.GlobalFunctions actualText Forgot Password expectedText Forgot Password
2023-10-20 16:50:00.641 INFO  page.GlobalFunctions Taking screen shot....
2023-10-20 16:50:00.658 INFO  utility.ReadXml Key:password default text value: Password *
2023-10-20 16:52:22.369 INFO  page.GlobalFunctions checked all the element in list
2023-10-20 16:52:50.321 INFO  page.CommonPage launching Vender application
2023-10-20 16:52:50.491 INFO  page.GlobalFunctions Taking screen shot....
2023-10-20 16:52:50.520 INFO  utility.ReadXml Key:forgot password value: Forgot Password
2023-10-20 16:52:50.710 INFO  page.GlobalFunctions actualText Forgot Password expectedText Forgot Password
2023-10-20 16:52:50.904 INFO  page.GlobalFunctions Taking screen shot....
2023-10-20 16:52:50.923 INFO  utility.ReadXml Key:password default text value: Password *
2023-10-20 16:53:19.190 INFO  page.GlobalFunctions checked all the element in list
2023-10-20 17:02:32.592 INFO  page.CommonPage launching Vender application
2023-10-20 17:02:32.753 INFO  page.GlobalFunctions Taking screen shot....
2023-10-20 17:02:39.425 INFO  utility.ReadXml Key:forgot password value: Forgot Password
2023-10-20 17:02:48.389 INFO  page.GlobalFunctions actualText Forgot Password expectedText Forgot Password
2023-10-20 17:02:48.529 INFO  page.GlobalFunctions Taking screen shot....
2023-10-20 17:02:50.263 INFO  utility.ReadXml Key:password default text value: Password *
2023-10-26 21:44:04.333 INFO  page.CommonPage launching Vender application
2023-10-26 21:44:04.798 INFO  page.GlobalFunctions Taking screen shot....
2023-10-27 14:15:17.728 INFO  page.CommonPage launching Vender application
2023-10-27 14:15:17.892 INFO  page.GlobalFunctions Taking screen shot....
2023-10-27 14:16:56.210 INFO  utility.ReadXml Key:forgot password value: Forgot Password
2023-10-27 14:17:06.859 INFO  page.GlobalFunctions actualText Forgot Password expectedText Forgot Password
2023-10-27 14:17:34.246 INFO  page.GlobalFunctions Taking screen shot....
2023-10-27 14:17:52.083 INFO  utility.ReadXml Key:user name default text value: Enter Your User Name *
2023-10-27 14:18:19.775 INFO  page.GlobalFunctions checked all the element in list
2023-10-27 14:18:19.892 INFO  page.GlobalFunctions Taking screen shot....
2023-10-27 14:18:34.185 INFO  utility.ReadXml Key:password default text value: Password *
2023-10-27 14:18:49.200 INFO  page.GlobalFunctions checked all the element in list
2023-10-27 14:18:49.313 INFO  page.GlobalFunctions Taking screen shot....
2023-10-27 14:19:04.269 INFO  utility.ReadXml Key:or value: null
2023-10-27 14:19:13.988 INFO  page.GlobalFunctions actualText OR expectedText null
2023-10-27 14:19:14.108 INFO  page.GlobalFunctions Taking screen shot....
2023-10-27 14:23:00.540 INFO  page.CommonPage launching Vender application
2023-10-27 14:23:00.694 INFO  page.GlobalFunctions Taking screen shot....
2023-10-27 14:23:05.452 INFO  utility.ReadXml Key:forgot password value: Forgot Password
2023-10-27 14:23:05.488 INFO  page.GlobalFunctions actualText Forgot Password expectedText Forgot Password
2023-10-27 14:23:05.616 INFO  page.GlobalFunctions Taking screen shot....
2023-10-27 14:23:06.773 INFO  utility.ReadXml Key:user name default text value: Enter Your User Name *
2023-10-27 14:23:34.248 INFO  page.GlobalFunctions checked all the element in list
2023-10-27 14:23:34.345 INFO  page.GlobalFunctions Taking screen shot....
2023-10-27 14:23:41.016 INFO  utility.ReadXml Key:password default text value: Password *
2023-10-27 14:23:49.826 INFO  page.GlobalFunctions checked all the element in list
2023-10-27 14:23:49.928 INFO  page.GlobalFunctions Taking screen shot....
2023-10-27 14:23:54.551 INFO  utility.ReadXml Key:or field value: OR
2023-10-27 14:23:54.552 INFO  page.LoginPage ***failed***
2023-10-27 14:23:54.552 ERROR page.LoginPage ***error***
2023-10-27 14:23:54.683 INFO  page.GlobalFunctions Taking screen shot....
2023-10-27 14:30:37.363 INFO  page.CommonPage launching Vender application
2023-10-27 14:30:37.493 INFO  page.GlobalFunctions Taking screen shot....
2023-10-27 14:30:40.614 INFO  utility.ReadXml Key:forgot password value: Forgot Password
2023-10-27 14:30:40.646 INFO  page.GlobalFunctions actualText Forgot Password expectedText Forgot Password
2023-10-27 14:30:40.787 INFO  page.GlobalFunctions Taking screen shot....
2023-10-27 14:30:41.953 INFO  utility.ReadXml Key:user name default text value: Enter Your User Name *
2023-10-27 14:30:46.889 INFO  page.GlobalFunctions checked all the element in list
2023-10-27 14:30:46.986 INFO  page.GlobalFunctions Taking screen shot....
2023-10-27 14:30:48.726 INFO  utility.ReadXml Key:password default text value: Password *
2023-10-27 14:30:58.469 INFO  page.GlobalFunctions checked all the element in list
2023-10-27 14:30:58.570 INFO  page.GlobalFunctions Taking screen shot....
2023-10-27 14:31:03.204 INFO  utility.ReadXml Key:or field value: OR
2023-10-27 14:31:28.917 INFO  utility.ReadXml Key:or field value: OR
2023-10-27 14:31:33.612 INFO  page.GlobalFunctions actualText OR expectedText OR
2023-10-27 14:31:35.212 INFO  page.GlobalFunctions Taking screen shot....
2023-10-27 14:31:35.221 INFO  utility.ReadXml Key:username value: Jayalakshmi.X-Hegde@neviton.com
2023-10-27 14:31:42.255 INFO  page.GlobalFunctions Element is displayed [[ChromeDriver: chrome on windows (c9f249fa8cfd523dd501c9f761cfa1fb)] -> id: Username]
2023-10-27 14:31:42.301 INFO  page.GlobalFunctions Text in the field is cleard [[ChromeDriver: chrome on windows (c9f249fa8cfd523dd501c9f761cfa1fb)] -> id: Username]
2023-10-27 14:31:42.497 INFO  page.GlobalFunctions Enter the value Jayalakshmi.X-Hegde@neviton.com
2023-10-27 14:31:42.699 INFO  page.GlobalFunctions Taking screen shot....
2023-10-27 14:31:42.707 INFO  utility.ReadXml Key:password value: NRXcZ93suQ
2023-10-27 14:32:12.753 INFO  page.GlobalFunctions Element is displayed [[ChromeDriver: chrome on windows (c9f249fa8cfd523dd501c9f761cfa1fb)] -> id: outlined-adornment-password]
2023-10-27 14:32:12.789 INFO  page.GlobalFunctions Text in the field is cleard [[ChromeDriver: chrome on windows (c9f249fa8cfd523dd501c9f761cfa1fb)] -> id: outlined-adornment-password]
2023-10-27 14:32:12.891 INFO  page.GlobalFunctions Enter the value NRXcZ93suQ
2023-10-27 14:32:13.047 INFO  page.GlobalFunctions Taking screen shot....
2023-10-27 14:32:39.527 INFO  page.GlobalFunctions Element is displayed [[ChromeDriver: chrome on windows (c9f249fa8cfd523dd501c9f761cfa1fb)] -> xpath: //*[@data-testid='VisibilityIcon']]
2023-10-27 14:32:39.758 INFO  page.GlobalFunctions Taking screen shot....
2023-10-27 14:32:39.804 INFO  page.GlobalFunctions Element is displayed [[ChromeDriver: chrome on windows (c9f249fa8cfd523dd501c9f761cfa1fb)] -> xpath: //*[@data-testid='VisibilityOffIcon']]
2023-10-27 14:32:39.933 INFO  page.GlobalFunctions Taking screen shot....
2023-10-27 14:32:56.424 INFO  page.GlobalFunctions Element is displayed [[ChromeDriver: chrome on windows (c9f249fa8cfd523dd501c9f761cfa1fb)] -> xpath: //*[@data-testid='VisibilityOffIcon']]
2023-10-27 14:32:56.593 INFO  page.GlobalFunctions Taking screen shot....
2023-10-27 14:32:56.629 INFO  page.GlobalFunctions Element is displayed [[ChromeDriver: chrome on windows (c9f249fa8cfd523dd501c9f761cfa1fb)] -> xpath: //*[@data-testid='VisibilityIcon']]
2023-10-27 14:32:56.746 INFO  page.GlobalFunctions Taking screen shot....
2023-10-27 14:33:07.863 INFO  page.GlobalFunctions Element is displayed [[ChromeDriver: chrome on windows (c9f249fa8cfd523dd501c9f761cfa1fb)] -> xpath: //button[text()='Login']]
2023-10-27 14:33:08.082 INFO  page.GlobalFunctions Taking screen shot....
2023-10-27 14:33:08.095 INFO  utility.ReadXml Key:txt full name value: null
2023-10-27 14:33:08.097 INFO  utility.ReadXml Key:txt full name value: Jayalakshmi Hegde
2023-10-27 14:33:08.098 INFO  page.GlobalFunctions text value is  Jayalakshmi Hegde
2023-10-27 14:33:08.098 INFO  page.CommonPage ***failed***
2023-10-27 14:33:08.098 ERROR page.CommonPage ***error***
2023-10-27 14:33:08.323 INFO  page.GlobalFunctions Taking screen shot....
2023-10-27 14:36:57.984 INFO  page.CommonPage launching Vender application
2023-10-27 14:36:58.119 INFO  page.GlobalFunctions Taking screen shot....
2023-10-27 14:37:19.219 INFO  utility.ReadXml Key:forgot password value: Forgot Password
2023-10-27 14:37:19.252 INFO  page.GlobalFunctions actualText Forgot Password expectedText Forgot Password
2023-10-27 14:37:19.371 INFO  page.GlobalFunctions Taking screen shot....
2023-10-27 14:37:21.324 INFO  utility.ReadXml Key:user name default text value: Enter Your User Name *
2023-10-27 14:37:27.719 INFO  page.GlobalFunctions checked all the element in list
2023-10-27 14:37:27.834 INFO  page.GlobalFunctions Taking screen shot....
2023-10-27 14:37:28.866 INFO  utility.ReadXml Key:password default text value: Password *
2023-10-27 14:37:42.742 INFO  page.GlobalFunctions checked all the element in list
2023-10-27 14:37:42.849 INFO  page.GlobalFunctions Taking screen shot....
2023-10-27 14:37:51.067 INFO  utility.ReadXml Key:or field value: OR
2023-10-27 14:37:52.133 INFO  page.GlobalFunctions actualText OR expectedText OR
2023-10-27 14:37:53.148 INFO  page.GlobalFunctions Taking screen shot....
2023-10-27 14:37:53.158 INFO  utility.ReadXml Key:username value: Jayalakshmi.X-Hegde@neviton.com
2023-10-27 14:37:54.120 INFO  page.GlobalFunctions Element is displayed [[ChromeDriver: chrome on windows (14991ab668db4cde1707f85ca762db17)] -> id: Username]
2023-10-27 14:37:54.164 INFO  page.GlobalFunctions Text in the field is cleard [[ChromeDriver: chrome on windows (14991ab668db4cde1707f85ca762db17)] -> id: Username]
2023-10-27 14:37:54.348 INFO  page.GlobalFunctions Enter the value Jayalakshmi.X-Hegde@neviton.com
2023-10-27 14:37:54.492 INFO  page.GlobalFunctions Taking screen shot....
2023-10-27 14:37:54.500 INFO  utility.ReadXml Key:password value: NRXcZ93suQ
2023-10-27 14:37:55.406 INFO  page.GlobalFunctions Element is displayed [[ChromeDriver: chrome on windows (14991ab668db4cde1707f85ca762db17)] -> id: outlined-adornment-password]
2023-10-27 14:37:55.443 INFO  page.GlobalFunctions Text in the field is cleard [[ChromeDriver: chrome on windows (14991ab668db4cde1707f85ca762db17)] -> id: outlined-adornment-password]
2023-10-27 14:37:55.528 INFO  page.GlobalFunctions Enter the value NRXcZ93suQ
2023-10-27 14:37:55.671 INFO  page.GlobalFunctions Taking screen shot....
2023-10-27 14:38:01.207 INFO  page.GlobalFunctions Element is displayed [[ChromeDriver: chrome on windows (14991ab668db4cde1707f85ca762db17)] -> xpath: //*[@data-testid='VisibilityIcon']]
2023-10-27 14:38:01.378 INFO  page.GlobalFunctions Taking screen shot....
2023-10-27 14:38:01.418 INFO  page.GlobalFunctions Element is displayed [[ChromeDriver: chrome on windows (14991ab668db4cde1707f85ca762db17)] -> xpath: //*[@data-testid='VisibilityOffIcon']]
2023-10-27 14:38:01.562 INFO  page.GlobalFunctions Taking screen shot....
2023-10-27 14:38:04.092 INFO  page.GlobalFunctions Element is displayed [[ChromeDriver: chrome on windows (14991ab668db4cde1707f85ca762db17)] -> xpath: //*[@data-testid='VisibilityOffIcon']]
2023-10-27 14:38:04.241 INFO  page.GlobalFunctions Taking screen shot....
2023-10-27 14:38:04.278 INFO  page.GlobalFunctions Element is displayed [[ChromeDriver: chrome on windows (14991ab668db4cde1707f85ca762db17)] -> xpath: //*[@data-testid='VisibilityIcon']]
2023-10-27 14:38:04.423 INFO  page.GlobalFunctions Taking screen shot....
2023-10-27 14:38:08.537 INFO  page.GlobalFunctions Element is displayed [[ChromeDriver: chrome on windows (14991ab668db4cde1707f85ca762db17)] -> xpath: //button[text()='Login']]
2023-10-27 14:38:08.723 INFO  page.GlobalFunctions Taking screen shot....
2023-10-27 14:38:08.734 INFO  utility.ReadXml Key:txt full name value: null
2023-10-27 14:38:08.736 INFO  utility.ReadXml Key:txt full name value: Jayalakshmi Hegde
2023-10-27 14:38:08.736 INFO  page.GlobalFunctions text value is  Jayalakshmi Hegde
2023-10-27 14:38:08.736 INFO  page.CommonPage ***failed***
2023-10-27 14:38:08.736 ERROR page.CommonPage ***error***
2023-10-27 14:38:08.919 INFO  page.GlobalFunctions Taking screen shot....
2023-10-27 14:43:35.910 INFO  page.CommonPage launching Vender application
2023-10-27 14:43:36.033 INFO  page.GlobalFunctions Taking screen shot....
2023-10-27 14:43:39.026 INFO  utility.ReadXml Key:forgot password value: Forgot Password
2023-10-27 14:43:39.064 INFO  page.GlobalFunctions actualText Forgot Password expectedText Forgot Password
2023-10-27 14:43:39.177 INFO  page.GlobalFunctions Taking screen shot....
2023-10-27 14:43:40.120 INFO  utility.ReadXml Key:user name default text value: Enter Your User Name *
2023-10-27 14:43:44.419 INFO  page.GlobalFunctions checked all the element in list
2023-10-27 14:43:44.523 INFO  page.GlobalFunctions Taking screen shot....
2023-10-27 14:43:45.624 INFO  utility.ReadXml Key:password default text value: Password *
2023-10-27 14:43:52.001 INFO  page.GlobalFunctions checked all the element in list
2023-10-27 14:43:52.098 INFO  page.GlobalFunctions Taking screen shot....
2023-10-27 14:43:53.149 INFO  utility.ReadXml Key:or field value: OR
2023-10-27 14:43:54.519 INFO  page.GlobalFunctions actualText OR expectedText OR
2023-10-27 14:43:55.748 INFO  page.GlobalFunctions Taking screen shot....
2023-10-27 14:43:55.759 INFO  utility.ReadXml Key:username value: Jayalakshmi.X-Hegde@neviton.com
2023-10-27 14:43:56.705 INFO  page.GlobalFunctions Element is displayed [[ChromeDriver: chrome on windows (31567360f0168ad027988d6dea6d9bc0)] -> id: Username]
2023-10-27 14:43:56.752 INFO  page.GlobalFunctions Text in the field is cleard [[ChromeDriver: chrome on windows (31567360f0168ad027988d6dea6d9bc0)] -> id: Username]
2023-10-27 14:43:56.954 INFO  page.GlobalFunctions Enter the value Jayalakshmi.X-Hegde@neviton.com
2023-10-27 14:43:57.137 INFO  page.GlobalFunctions Taking screen shot....
2023-10-27 14:43:57.146 INFO  utility.ReadXml Key:password value: NRXcZ93suQ
2023-10-27 14:43:58.262 INFO  page.GlobalFunctions Element is displayed [[ChromeDriver: chrome on windows (31567360f0168ad027988d6dea6d9bc0)] -> id: outlined-adornment-password]
2023-10-27 14:43:58.299 INFO  page.GlobalFunctions Text in the field is cleard [[ChromeDriver: chrome on windows (31567360f0168ad027988d6dea6d9bc0)] -> id: outlined-adornment-password]
2023-10-27 14:43:58.385 INFO  page.GlobalFunctions Enter the value NRXcZ93suQ
2023-10-27 14:43:58.514 INFO  page.GlobalFunctions Taking screen shot....
2023-10-27 14:44:00.650 INFO  page.GlobalFunctions Element is displayed [[ChromeDriver: chrome on windows (31567360f0168ad027988d6dea6d9bc0)] -> xpath: //*[@data-testid='VisibilityIcon']]
2023-10-27 14:44:00.829 INFO  page.GlobalFunctions Taking screen shot....
2023-10-27 14:44:00.877 INFO  page.GlobalFunctions Element is displayed [[ChromeDriver: chrome on windows (31567360f0168ad027988d6dea6d9bc0)] -> xpath: //*[@data-testid='VisibilityOffIcon']]
2023-10-27 14:44:00.995 INFO  page.GlobalFunctions Taking screen shot....
2023-10-27 14:44:04.126 INFO  page.GlobalFunctions Element is displayed [[ChromeDriver: chrome on windows (31567360f0168ad027988d6dea6d9bc0)] -> xpath: //*[@data-testid='VisibilityOffIcon']]
2023-10-27 14:44:04.305 INFO  page.GlobalFunctions Taking screen shot....
2023-10-27 14:44:04.341 INFO  page.GlobalFunctions Element is displayed [[ChromeDriver: chrome on windows (31567360f0168ad027988d6dea6d9bc0)] -> xpath: //*[@data-testid='VisibilityIcon']]
2023-10-27 14:44:04.470 INFO  page.GlobalFunctions Taking screen shot....
2023-10-27 14:44:10.776 INFO  page.GlobalFunctions Element is displayed [[ChromeDriver: chrome on windows (31567360f0168ad027988d6dea6d9bc0)] -> xpath: //button[text()='Login']]
2023-10-27 14:44:10.990 INFO  page.GlobalFunctions Taking screen shot....
2023-10-27 14:44:11.000 INFO  utility.ReadXml Key:txt full name value: null
2023-10-27 14:44:11.003 INFO  utility.ReadXml Key:txt full name value: Jayalakshmi Hegde
2023-10-27 14:44:11.003 INFO  page.GlobalFunctions text value is  Jayalakshmi Hegde
2023-10-27 14:44:59.150 INFO  page.GlobalFunctions actualText Jayalakshmi Hegde expectedText Jayalakshmi Hegde
2023-10-27 14:44:59.260 INFO  page.GlobalFunctions Taking screen shot....
2023-10-27 14:44:59.269 INFO  utility.ReadXml Key:txt email id value: null
2023-10-27 14:44:59.270 INFO  utility.ReadXml Key:txt email id value: Jayalakshmi.X-Hegde@neviton.com
2023-10-27 14:44:59.270 INFO  page.GlobalFunctions text value is  Jayalakshmi.X-Hegde@neviton.com
2023-10-27 14:45:19.563 INFO  page.GlobalFunctions actualText Jayalakshmi.X-Hegde@neviton.com expectedText Jayalakshmi.X-Hegde@neviton.com
2023-10-27 14:45:19.645 INFO  page.GlobalFunctions Taking screen shot....
2023-10-27 14:45:30.244 INFO  page.GlobalFunctions Element is displayed [[ChromeDriver: chrome on windows (31567360f0168ad027988d6dea6d9bc0)] -> xpath: //*[@class ='MuiSvgIcon-root MuiSvgIcon-fontSizeInherit css-1cw4hi4']]
2023-10-27 14:45:30.480 INFO  page.GlobalFunctions Taking screen shot....
2023-10-27 14:45:30.489 INFO  utility.ReadXml Key:logout option name value: Logout
2023-10-27 14:45:30.489 INFO  page.GlobalFunctions text value is  Logout
2023-10-27 14:45:40.832 INFO  page.GlobalFunctions actualText Logout expectedText Logout
2023-10-27 14:45:40.937 INFO  page.GlobalFunctions Taking screen shot....
2023-10-27 14:45:51.427 INFO  page.GlobalFunctions Element is displayed [[ChromeDriver: chrome on windows (31567360f0168ad027988d6dea6d9bc0)] -> xpath: //*[@class ='MuiButtonBase-root MuiMenuItem-root MuiMenuItem-dense MuiMenuItem-gutters MuiMenuItem-root MuiMenuItem-dense MuiMenuItem-gutters css-7zzzi9']]
2023-10-27 14:45:51.879 INFO  page.GlobalFunctions Taking screen shot....
2023-10-27 14:55:19.895 INFO  page.CommonPage launching Vender application
2023-10-27 14:55:20.023 INFO  page.GlobalFunctions Taking screen shot....
2023-10-27 14:55:23.827 INFO  utility.ReadXml Key:forgot password value: Forgot Password
2023-10-27 14:55:23.864 INFO  page.GlobalFunctions actualText Forgot Password expectedText Forgot Password
2023-10-27 14:55:23.992 INFO  page.GlobalFunctions Taking screen shot....
2023-10-27 14:55:30.090 INFO  utility.ReadXml Key:user name default text value: Enter Your User Name *
2023-10-27 14:55:48.617 INFO  page.CommonPage launching Vender application
2023-10-27 14:55:48.735 INFO  page.GlobalFunctions Taking screen shot....
2023-10-27 14:55:52.691 INFO  utility.ReadXml Key:forgot password value: Forgot Password
2023-10-27 14:55:52.725 INFO  page.GlobalFunctions actualText Forgot Password expectedText Forgot Password
2023-10-27 14:55:52.831 INFO  page.GlobalFunctions Taking screen shot....
2023-10-27 14:55:53.928 INFO  utility.ReadXml Key:user name default text value: Enter Your User Name *
2023-10-27 14:55:57.886 INFO  page.GlobalFunctions checked all the element in list
2023-10-27 14:55:57.998 INFO  page.GlobalFunctions Taking screen shot....
2023-10-27 14:55:58.716 INFO  utility.ReadXml Key:password default text value: Password *
2023-10-27 14:56:05.125 INFO  page.GlobalFunctions checked all the element in list
2023-10-27 14:56:05.223 INFO  page.GlobalFunctions Taking screen shot....
2023-10-27 14:56:06.761 INFO  utility.ReadXml Key:or field value: OR
2023-10-27 14:56:09.900 INFO  page.GlobalFunctions actualText OR expectedText OR
2023-10-27 14:56:11.088 INFO  page.GlobalFunctions Taking screen shot....
2023-10-27 14:56:11.097 INFO  utility.ReadXml Key:username value: Jayalakshmi.X-Hegde@neviton.com
2023-10-27 14:56:13.121 INFO  page.GlobalFunctions Element is displayed [[ChromeDriver: chrome on windows (a4671d45cc4583d7a286066c21c49498)] -> id: Username]
2023-10-27 14:56:13.166 INFO  page.GlobalFunctions Text in the field is cleard [[ChromeDriver: chrome on windows (a4671d45cc4583d7a286066c21c49498)] -> id: Username]
2023-10-27 14:56:13.351 INFO  page.GlobalFunctions Enter the value Jayalakshmi.X-Hegde@neviton.com
2023-10-27 14:56:13.534 INFO  page.GlobalFunctions Taking screen shot....
2023-10-27 14:56:13.543 INFO  utility.ReadXml Key:password value: NRXcZ93suQ
2023-10-27 14:56:14.655 INFO  page.GlobalFunctions Element is displayed [[ChromeDriver: chrome on windows (a4671d45cc4583d7a286066c21c49498)] -> id: outlined-adornment-password]
2023-10-27 14:56:14.693 INFO  page.GlobalFunctions Text in the field is cleard [[ChromeDriver: chrome on windows (a4671d45cc4583d7a286066c21c49498)] -> id: outlined-adornment-password]
2023-10-27 14:56:14.788 INFO  page.GlobalFunctions Enter the value NRXcZ93suQ
2023-10-27 14:56:14.906 INFO  page.GlobalFunctions Taking screen shot....
2023-10-27 14:56:29.061 INFO  page.GlobalFunctions Element is displayed [[ChromeDriver: chrome on windows (a4671d45cc4583d7a286066c21c49498)] -> xpath: //*[@data-testid='VisibilityIcon']]
2023-10-27 14:56:29.232 INFO  page.GlobalFunctions Taking screen shot....
2023-10-27 14:59:23.031 INFO  page.GlobalFunctions Element is displayed [[ChromeDriver: chrome on windows (a4671d45cc4583d7a286066c21c49498)] -> xpath: //*[@data-testid='VisibilityOffIcon']]
2023-10-27 14:59:23.135 INFO  page.GlobalFunctions Taking screen shot....
2023-10-27 14:59:25.782 INFO  page.GlobalFunctions Element is displayed [[ChromeDriver: chrome on windows (a4671d45cc4583d7a286066c21c49498)] -> xpath: //*[@data-testid='VisibilityOffIcon']]
2023-10-27 14:59:25.975 INFO  page.GlobalFunctions Taking screen shot....
2023-10-27 14:59:29.521 INFO  page.GlobalFunctions Element is displayed [[ChromeDriver: chrome on windows (a4671d45cc4583d7a286066c21c49498)] -> xpath: //*[@data-testid='VisibilityIcon']]
2023-10-27 14:59:29.634 INFO  page.GlobalFunctions Taking screen shot....
2023-10-27 14:59:32.644 INFO  page.GlobalFunctions Element is displayed [[ChromeDriver: chrome on windows (a4671d45cc4583d7a286066c21c49498)] -> xpath: //button[text()='Login']]
2023-10-27 14:59:32.874 INFO  page.GlobalFunctions Taking screen shot....
2023-10-27 14:59:32.884 INFO  utility.ReadXml Key:txt full name value: null
2023-10-27 14:59:32.887 INFO  utility.ReadXml Key:txt full name value: Jayalakshmi Hegde
2023-10-27 14:59:32.887 INFO  page.GlobalFunctions text value is  Jayalakshmi Hegde
2023-10-27 14:59:35.949 INFO  page.GlobalFunctions actualText Jayalakshmi Hegde expectedText Jayalakshmi Hegde
2023-10-27 14:59:36.046 INFO  page.GlobalFunctions Taking screen shot....
2023-10-27 14:59:36.056 INFO  utility.ReadXml Key:txt email id value: null
2023-10-27 14:59:36.060 INFO  utility.ReadXml Key:txt email id value: Jayalakshmi.X-Hegde@neviton.com
2023-10-27 14:59:36.060 INFO  page.GlobalFunctions text value is  Jayalakshmi.X-Hegde@neviton.com
2023-10-27 14:59:37.607 INFO  page.GlobalFunctions actualText Jayalakshmi.X-Hegde@neviton.com expectedText Jayalakshmi.X-Hegde@neviton.com
2023-10-27 14:59:37.681 INFO  page.GlobalFunctions Taking screen shot....
2023-10-27 14:59:38.094 INFO  page.GlobalFunctions Element is displayed [[ChromeDriver: chrome on windows (a4671d45cc4583d7a286066c21c49498)] -> xpath: //*[@class ='MuiSvgIcon-root MuiSvgIcon-fontSizeInherit css-1cw4hi4']]
2023-10-27 14:59:38.324 INFO  page.GlobalFunctions Taking screen shot....
2023-10-27 14:59:38.332 INFO  utility.ReadXml Key:logout option name value: Logout
2023-10-27 14:59:38.332 INFO  page.GlobalFunctions text value is  Logout
2023-10-27 14:59:39.219 INFO  page.GlobalFunctions actualText Logout expectedText Logout
2023-10-27 14:59:39.310 INFO  page.GlobalFunctions Taking screen shot....
2023-10-27 14:59:40.235 INFO  page.GlobalFunctions Element is displayed [[ChromeDriver: chrome on windows (a4671d45cc4583d7a286066c21c49498)] -> xpath: //*[@class ='MuiButtonBase-root MuiMenuItem-root MuiMenuItem-dense MuiMenuItem-gutters MuiMenuItem-root MuiMenuItem-dense MuiMenuItem-gutters css-7zzzi9']]
2023-10-27 14:59:40.632 INFO  page.GlobalFunctions Taking screen shot....
2023-10-27 15:35:44.176 INFO  page.CommonPage launching Vender application
2023-10-27 15:35:44.316 INFO  page.GlobalFunctions Taking screen shot....
2023-10-27 15:35:50.787 INFO  utility.ReadXml Key:forgot password value: Forgot Password
2023-10-27 15:35:50.826 INFO  page.GlobalFunctions actualText Forgot Password expectedText Forgot Password
2023-10-27 15:35:50.953 INFO  page.GlobalFunctions Taking screen shot....
2023-10-27 15:35:50.973 INFO  utility.ReadXml Key:username value: Jayalakshmi.X-Hegde@neviton.com
2023-10-27 15:35:55.072 INFO  page.GlobalFunctions Element is displayed [[ChromeDriver: chrome on windows (9b6e61592c84485414d642aa131265b8)] -> id: Username]
2023-10-27 15:35:55.121 INFO  page.GlobalFunctions Text in the field is cleard [[ChromeDriver: chrome on windows (9b6e61592c84485414d642aa131265b8)] -> id: Username]
2023-10-27 15:35:55.305 INFO  page.GlobalFunctions Enter the value Jayalakshmi.X-Hegde@neviton.com
2023-10-27 15:35:55.491 INFO  page.GlobalFunctions Taking screen shot....
2023-10-27 15:35:55.502 INFO  utility.ReadXml Key:password value: NRXcZ93suQ
2023-10-27 15:35:57.072 INFO  page.GlobalFunctions Element is displayed [[ChromeDriver: chrome on windows (9b6e61592c84485414d642aa131265b8)] -> id: outlined-adornment-password]
2023-10-27 15:35:57.111 INFO  page.GlobalFunctions Text in the field is cleard [[ChromeDriver: chrome on windows (9b6e61592c84485414d642aa131265b8)] -> id: outlined-adornment-password]
2023-10-27 15:35:57.204 INFO  page.GlobalFunctions Enter the value NRXcZ93suQ
2023-10-27 15:35:57.356 INFO  page.GlobalFunctions Taking screen shot....
2023-10-27 15:36:03.252 INFO  page.GlobalFunctions Element is displayed [[ChromeDriver: chrome on windows (9b6e61592c84485414d642aa131265b8)] -> xpath: //button[text()='Login']]
2023-10-27 15:38:11.692 INFO  page.CommonPage launching Vender application
2023-10-27 15:38:11.828 INFO  page.GlobalFunctions Taking screen shot....
2023-10-27 15:38:16.312 INFO  utility.ReadXml Key:forgot password value: Forgot Password
2023-10-27 15:38:16.348 INFO  page.GlobalFunctions actualText Forgot Password expectedText Forgot Password
2023-10-27 15:38:16.479 INFO  page.GlobalFunctions Taking screen shot....
2023-10-27 15:38:16.496 INFO  utility.ReadXml Key:abc123@gmail.com value: null
2023-10-27 15:38:18.233 INFO  page.GlobalFunctions Taking screen shot....
2023-10-27 15:38:18.244 INFO  utility.ReadXml Key:srinivas@ value: null
2023-10-27 15:38:20.518 INFO  page.GlobalFunctions Taking screen shot....
2023-10-27 15:47:25.755 INFO  page.CommonPage launching Vender application
2023-10-27 15:47:25.888 INFO  page.GlobalFunctions Taking screen shot....
2023-10-27 15:47:29.912 INFO  utility.ReadXml Key:forgot password value: Forgot Password
2023-10-27 15:47:29.944 INFO  page.GlobalFunctions actualText Forgot Password expectedText Forgot Password
2023-10-27 15:47:30.083 INFO  page.GlobalFunctions Taking screen shot....
2023-10-27 15:47:30.099 INFO  utility.ReadXml Key:abc123@gmail.com value: null
2023-10-27 15:47:33.803 INFO  page.GlobalFunctions Element is displayed [[ChromeDriver: chrome on windows (1c39ed271e0eb27cdcedebaf927e4bc0)] -> id: Username]
2023-10-27 15:47:33.856 INFO  page.GlobalFunctions Text in the field is cleard [[ChromeDriver: chrome on windows (1c39ed271e0eb27cdcedebaf927e4bc0)] -> id: Username]
2023-10-27 15:47:33.970 INFO  page.GlobalFunctions Taking screen shot....
2023-10-27 15:47:37.568 INFO  page.CommonPage launching Vender application
2023-10-27 15:47:37.705 INFO  page.GlobalFunctions Taking screen shot....
2023-10-27 15:47:47.432 INFO  utility.ReadXml Key:forgot password value: Forgot Password
2023-10-27 15:47:47.466 INFO  page.GlobalFunctions actualText Forgot Password expectedText Forgot Password
2023-10-27 15:47:47.600 INFO  page.GlobalFunctions Taking screen shot....
2023-10-27 15:47:47.609 INFO  utility.ReadXml Key:srinivas value: null
2023-10-27 15:47:56.993 INFO  page.GlobalFunctions Element is displayed [[ChromeDriver: chrome on windows (135668bee0ecf455a09c5804b65d358b)] -> id: Username]
2023-10-27 15:47:57.041 INFO  page.GlobalFunctions Text in the field is cleard [[ChromeDriver: chrome on windows (135668bee0ecf455a09c5804b65d358b)] -> id: Username]
2023-10-27 15:47:57.153 INFO  page.GlobalFunctions Taking screen shot....
2023-10-27 15:48:02.426 INFO  page.CommonPage launching Vender application
2023-10-27 15:48:02.568 INFO  page.GlobalFunctions Taking screen shot....
2023-10-27 15:49:26.351 INFO  page.CommonPage launching Vender application
2023-10-27 15:49:26.514 INFO  page.GlobalFunctions Taking screen shot....
2023-10-27 15:49:29.363 INFO  utility.ReadXml Key:forgot password value: Forgot Password
2023-10-27 15:49:29.397 INFO  page.GlobalFunctions actualText Forgot Password expectedText Forgot Password
2023-10-27 15:49:29.535 INFO  page.GlobalFunctions Taking screen shot....
2023-10-27 15:49:31.651 INFO  utility.ReadXml Key:abc123@gmail.com value: null
2023-10-27 15:50:30.412 INFO  page.GlobalFunctions Element is displayed [[ChromeDriver: chrome on windows (dead9f9485e66ae454ce70e22d4b66bc)] -> id: Username]
2023-10-27 15:50:30.460 INFO  page.GlobalFunctions Text in the field is cleard [[ChromeDriver: chrome on windows (dead9f9485e66ae454ce70e22d4b66bc)] -> id: Username]
2023-10-27 15:50:35.689 INFO  page.GlobalFunctions Taking screen shot....
2023-10-27 15:51:25.011 INFO  page.CommonPage launching Vender application
2023-10-27 15:51:25.165 INFO  page.GlobalFunctions Taking screen shot....
2023-10-27 15:51:28.013 INFO  utility.ReadXml Key:forgot password value: Forgot Password
2023-10-27 15:51:28.046 INFO  page.GlobalFunctions actualText Forgot Password expectedText Forgot Password
2023-10-27 15:51:28.166 INFO  page.GlobalFunctions Taking screen shot....
2023-10-27 15:51:33.642 INFO  utility.ReadXml Key:abc123@gmail.com value: null
2023-10-27 15:53:18.521 INFO  utility.ReadXml Key:abc123@gmail.com value: null
2023-10-27 15:53:18.532 INFO  utility.ReadXml Key:abc123@gmail.com value: null
2023-10-27 15:53:18.532 INFO  page.GlobalFunctions text value is  abc123@gmail.com
2023-10-27 15:53:30.375 INFO  page.GlobalFunctions Element is displayed [[ChromeDriver: chrome on windows (176fa4b6beb26cfc9a4f1f1f37980e91)] -> id: Username]
2023-10-27 15:53:30.442 INFO  page.GlobalFunctions Text in the field is cleard [[ChromeDriver: chrome on windows (176fa4b6beb26cfc9a4f1f1f37980e91)] -> id: Username]
2023-10-27 15:54:27.228 INFO  page.GlobalFunctions Enter the value abc123@gmail.com
2023-10-27 15:54:32.023 INFO  page.GlobalFunctions Taking screen shot....
2023-10-27 15:54:33.769 INFO  utility.ReadXml Key:srinivas@ value: null
2023-10-27 15:54:33.771 INFO  utility.ReadXml Key:srinivas@ value: null
2023-10-27 15:54:33.772 INFO  page.GlobalFunctions text value is  srinivas@
2023-10-27 15:54:42.011 INFO  page.GlobalFunctions Element is displayed [[ChromeDriver: chrome on windows (176fa4b6beb26cfc9a4f1f1f37980e91)] -> id: outlined-adornment-password]
2023-10-27 15:54:42.048 INFO  page.GlobalFunctions Text in the field is cleard [[ChromeDriver: chrome on windows (176fa4b6beb26cfc9a4f1f1f37980e91)] -> id: outlined-adornment-password]
2023-10-27 15:54:44.716 INFO  page.GlobalFunctions Enter the value srinivas@
2023-10-27 15:54:44.832 INFO  page.GlobalFunctions Taking screen shot....
2023-10-27 15:54:50.886 INFO  page.GlobalFunctions Element is displayed [[ChromeDriver: chrome on windows (176fa4b6beb26cfc9a4f1f1f37980e91)] -> xpath: //button[text()='Login']]
2023-10-27 16:03:34.090 INFO  page.CommonPage launching Vender application
2023-10-27 16:03:34.245 INFO  page.GlobalFunctions Taking screen shot....
2023-10-27 16:03:37.248 INFO  utility.ReadXml Key:forgot password value: Forgot Password
2023-10-27 16:03:37.248 INFO  page.GlobalFunctions text value is  Forgot Password
2023-10-27 16:03:37.286 INFO  page.GlobalFunctions actualText Forgot Password expectedText Forgot Password
2023-10-27 16:03:37.415 INFO  page.GlobalFunctions Taking screen shot....
2023-10-27 16:03:39.104 INFO  utility.ReadXml Key:abc123@gmail.com value: null
2023-10-27 16:03:39.106 INFO  utility.ReadXml Key:abc123@gmail.com value: null
2023-10-27 16:03:39.106 INFO  page.GlobalFunctions text value is  abc123@gmail.com
2023-10-27 16:03:43.394 INFO  page.GlobalFunctions Element is displayed [[ChromeDriver: chrome on windows (cb4a224b2ce64582adb13c74f87fa102)] -> id: Username]
2023-10-27 16:03:43.442 INFO  page.GlobalFunctions Text in the field is cleard [[ChromeDriver: chrome on windows (cb4a224b2ce64582adb13c74f87fa102)] -> id: Username]
2023-10-27 16:03:45.568 INFO  page.GlobalFunctions Enter the value abc123@gmail.com
2023-10-27 16:03:47.747 INFO  page.GlobalFunctions Taking screen shot....
2023-10-27 16:03:49.714 INFO  utility.ReadXml Key:srinivas@ value: null
2023-10-27 16:03:49.717 INFO  utility.ReadXml Key:srinivas@ value: null
2023-10-27 16:03:49.717 INFO  page.GlobalFunctions text value is  srinivas@
2023-10-27 16:03:52.487 INFO  page.GlobalFunctions Element is displayed [[ChromeDriver: chrome on windows (cb4a224b2ce64582adb13c74f87fa102)] -> id: outlined-adornment-password]
2023-10-27 16:03:52.527 INFO  page.GlobalFunctions Text in the field is cleard [[ChromeDriver: chrome on windows (cb4a224b2ce64582adb13c74f87fa102)] -> id: outlined-adornment-password]
2023-10-27 16:03:54.751 INFO  page.GlobalFunctions Enter the value srinivas@
2023-10-27 16:03:54.857 INFO  page.GlobalFunctions Taking screen shot....
2023-10-27 16:03:57.210 INFO  page.GlobalFunctions Element is displayed [[ChromeDriver: chrome on windows (cb4a224b2ce64582adb13c74f87fa102)] -> xpath: //button[text()='Login']]
2023-10-27 16:03:58.719 INFO  page.GlobalFunctions Taking screen shot....
2023-10-27 16:04:03.840 INFO  utility.ReadXml Key:login warning message value: Incorrect User Name or Password!
2023-10-27 16:04:03.841 INFO  page.GlobalFunctions text value is  Incorrect User Name or Password!
2023-10-27 16:04:18.841 INFO  page.GlobalFunctions actualText Incorrect User Name or Password! expectedText Incorrect User Name or Password!
2023-10-27 16:04:24.322 INFO  page.GlobalFunctions Taking screen shot....
2023-10-27 16:05:11.558 INFO  page.CommonPage launching Vender application
2023-10-27 16:05:11.690 INFO  page.GlobalFunctions Taking screen shot....
2023-10-27 16:05:11.710 INFO  utility.ReadXml Key:forgot password value: Forgot Password
2023-10-27 16:05:11.710 INFO  page.GlobalFunctions text value is  Forgot Password
2023-10-27 16:05:11.978 INFO  page.GlobalFunctions actualText Forgot Password expectedText Forgot Password
2023-10-27 16:05:12.100 INFO  page.GlobalFunctions Taking screen shot....
2023-10-27 16:05:12.113 INFO  utility.ReadXml Key:abc123@gmail.com value: null
2023-10-27 16:05:12.116 INFO  utility.ReadXml Key:abc123@gmail.com value: null
2023-10-27 16:05:12.116 INFO  page.GlobalFunctions text value is  abc123@gmail.com
2023-10-27 16:05:12.163 INFO  page.GlobalFunctions Element is displayed [[ChromeDriver: chrome on windows (1c7ad56d33f2457c0fd135906d13fff3)] -> id: Username]
2023-10-27 16:05:12.211 INFO  page.GlobalFunctions Text in the field is cleard [[ChromeDriver: chrome on windows (1c7ad56d33f2457c0fd135906d13fff3)] -> id: Username]
2023-10-27 16:05:12.343 INFO  page.GlobalFunctions Enter the value abc123@gmail.com
2023-10-27 16:05:12.479 INFO  page.GlobalFunctions Taking screen shot....
2023-10-27 16:05:12.492 INFO  utility.ReadXml Key:srinivas@ value: null
2023-10-27 16:05:12.495 INFO  utility.ReadXml Key:srinivas@ value: null
2023-10-27 16:05:12.495 INFO  page.GlobalFunctions text value is  srinivas@
2023-10-27 16:05:12.532 INFO  page.GlobalFunctions Element is displayed [[ChromeDriver: chrome on windows (1c7ad56d33f2457c0fd135906d13fff3)] -> id: outlined-adornment-password]
2023-10-27 16:05:12.566 INFO  page.GlobalFunctions Text in the field is cleard [[ChromeDriver: chrome on windows (1c7ad56d33f2457c0fd135906d13fff3)] -> id: outlined-adornment-password]
2023-10-27 16:05:12.654 INFO  page.GlobalFunctions Enter the value srinivas@
2023-10-27 16:05:12.774 INFO  page.GlobalFunctions Taking screen shot....
2023-10-27 16:05:12.816 INFO  page.GlobalFunctions Element is displayed [[ChromeDriver: chrome on windows (1c7ad56d33f2457c0fd135906d13fff3)] -> xpath: //button[text()='Login']]
2023-10-27 16:05:12.977 INFO  page.GlobalFunctions Taking screen shot....
2023-10-27 16:05:12.986 INFO  utility.ReadXml Key:login warning message value: Incorrect User Name or Password!
2023-10-27 16:05:12.986 INFO  page.GlobalFunctions text value is  Incorrect User Name or Password!
2023-10-27 16:05:13.010 INFO  page.GlobalFunctions actualText  expectedText Incorrect User Name or Password!
2023-10-27 16:05:13.172 INFO  page.GlobalFunctions Taking screen shot....
2023-10-27 16:05:16.629 INFO  page.CommonPage launching Vender application
2023-10-27 16:05:16.763 INFO  page.GlobalFunctions Taking screen shot....
2023-10-27 16:05:16.771 INFO  utility.ReadXml Key:forgot password value: Forgot Password
2023-10-27 16:05:16.771 INFO  page.GlobalFunctions text value is  Forgot Password
2023-10-27 16:05:16.825 INFO  page.GlobalFunctions actualText Forgot Password expectedText Forgot Password
2023-10-27 16:05:17.001 INFO  page.GlobalFunctions Taking screen shot....
2023-10-27 16:05:17.011 INFO  utility.ReadXml Key:srinivas value: null
2023-10-27 16:05:17.012 INFO  utility.ReadXml Key:srinivas value: null
2023-10-27 16:05:17.012 INFO  page.GlobalFunctions text value is  srinivas
2023-10-27 16:05:17.042 INFO  page.GlobalFunctions Element is displayed [[ChromeDriver: chrome on windows (2ed48673f1f9799312e048f15b985516)] -> id: Username]
2023-10-27 16:05:17.082 INFO  page.GlobalFunctions Text in the field is cleard [[ChromeDriver: chrome on windows (2ed48673f1f9799312e048f15b985516)] -> id: Username]
2023-10-27 16:05:17.171 INFO  page.GlobalFunctions Enter the value srinivas
2023-10-27 16:05:17.298 INFO  page.GlobalFunctions Taking screen shot....
2023-10-27 16:05:17.305 INFO  utility.ReadXml Key:srinivas@ value: null
2023-10-27 16:05:17.308 INFO  utility.ReadXml Key:srinivas@ value: null
2023-10-27 16:05:17.308 INFO  page.GlobalFunctions text value is  srinivas@
2023-10-27 16:05:17.340 INFO  page.GlobalFunctions Element is displayed [[ChromeDriver: chrome on windows (2ed48673f1f9799312e048f15b985516)] -> id: outlined-adornment-password]
2023-10-27 16:05:17.373 INFO  page.GlobalFunctions Text in the field is cleard [[ChromeDriver: chrome on windows (2ed48673f1f9799312e048f15b985516)] -> id: outlined-adornment-password]
2023-10-27 16:05:17.459 INFO  page.GlobalFunctions Enter the value srinivas@
2023-10-27 16:05:17.602 INFO  page.GlobalFunctions Taking screen shot....
2023-10-27 16:05:17.640 INFO  page.GlobalFunctions Element is displayed [[ChromeDriver: chrome on windows (2ed48673f1f9799312e048f15b985516)] -> xpath: //button[text()='Login']]
2023-10-27 16:05:17.840 INFO  page.GlobalFunctions Taking screen shot....
2023-10-27 16:05:17.855 INFO  utility.ReadXml Key:login warning message value: Incorrect User Name or Password!
2023-10-27 16:05:17.855 INFO  page.GlobalFunctions text value is  Incorrect User Name or Password!
2023-10-27 16:05:17.884 INFO  page.GlobalFunctions actualText  expectedText Incorrect User Name or Password!
2023-10-27 16:05:18.017 INFO  page.GlobalFunctions Taking screen shot....
2023-10-27 16:05:21.430 INFO  page.CommonPage launching Vender application
2023-10-27 16:05:21.588 INFO  page.GlobalFunctions Taking screen shot....
2023-10-27 16:05:21.598 INFO  utility.ReadXml Key:forgot password value: Forgot Password
2023-10-27 16:05:21.598 INFO  page.GlobalFunctions text value is  Forgot Password
2023-10-27 16:05:21.635 INFO  page.GlobalFunctions actualText Forgot Password expectedText Forgot Password
2023-10-27 16:05:21.775 INFO  page.GlobalFunctions Taking screen shot....
2023-10-27 16:05:21.785 INFO  utility.ReadXml Key:srinivas@neviton value: null
2023-10-27 16:05:21.787 INFO  utility.ReadXml Key:srinivas@neviton value: null
2023-10-27 16:05:21.787 INFO  page.GlobalFunctions text value is  srinivas@neviton
2023-10-27 16:05:21.818 INFO  page.GlobalFunctions Element is displayed [[ChromeDriver: chrome on windows (e6bd75d2f18d483481b7c150c031e1c0)] -> id: Username]
2023-10-27 16:05:21.858 INFO  page.GlobalFunctions Text in the field is cleard [[ChromeDriver: chrome on windows (e6bd75d2f18d483481b7c150c031e1c0)] -> id: Username]
2023-10-27 16:05:21.980 INFO  page.GlobalFunctions Enter the value srinivas@neviton
2023-10-27 16:05:22.088 INFO  page.GlobalFunctions Taking screen shot....
2023-10-27 16:05:22.099 INFO  utility.ReadXml Key:srinivas@ value: null
2023-10-27 16:05:22.101 INFO  utility.ReadXml Key:srinivas@ value: null
2023-10-27 16:05:22.101 INFO  page.GlobalFunctions text value is  srinivas@
2023-10-27 16:05:22.131 INFO  page.GlobalFunctions Element is displayed [[ChromeDriver: chrome on windows (e6bd75d2f18d483481b7c150c031e1c0)] -> id: outlined-adornment-password]
2023-10-27 16:05:22.164 INFO  page.GlobalFunctions Text in the field is cleard [[ChromeDriver: chrome on windows (e6bd75d2f18d483481b7c150c031e1c0)] -> id: outlined-adornment-password]
2023-10-27 16:05:22.256 INFO  page.GlobalFunctions Enter the value srinivas@
2023-10-27 16:05:22.365 INFO  page.GlobalFunctions Taking screen shot....
2023-10-27 16:05:22.402 INFO  page.GlobalFunctions Element is displayed [[ChromeDriver: chrome on windows (e6bd75d2f18d483481b7c150c031e1c0)] -> xpath: //button[text()='Login']]
2023-10-27 16:05:22.575 INFO  page.GlobalFunctions Taking screen shot....
2023-10-27 16:05:22.583 INFO  utility.ReadXml Key:login warning message value: Incorrect User Name or Password!
2023-10-27 16:05:22.583 INFO  page.GlobalFunctions text value is  Incorrect User Name or Password!
2023-10-27 16:05:22.606 INFO  page.GlobalFunctions actualText  expectedText Incorrect User Name or Password!
2023-10-27 16:05:22.748 INFO  page.GlobalFunctions Taking screen shot....
2023-10-27 16:05:26.106 INFO  page.CommonPage launching Vender application
2023-10-27 16:05:26.241 INFO  page.GlobalFunctions Taking screen shot....
2023-10-27 16:05:26.253 INFO  utility.ReadXml Key:forgot password value: Forgot Password
2023-10-27 16:05:26.253 INFO  page.GlobalFunctions text value is  Forgot Password
2023-10-27 16:05:26.306 INFO  page.GlobalFunctions actualText Forgot Password expectedText Forgot Password
2023-10-27 16:05:26.461 INFO  page.GlobalFunctions Taking screen shot....
2023-10-27 16:05:26.471 INFO  utility.ReadXml Key:srinivas@ value: null
2023-10-27 16:05:26.472 INFO  utility.ReadXml Key:srinivas@ value: null
2023-10-27 16:05:26.473 INFO  page.GlobalFunctions text value is  srinivas@
2023-10-27 16:05:26.503 INFO  page.GlobalFunctions Element is displayed [[ChromeDriver: chrome on windows (2cb9002029ada4f3241a096bdf688520)] -> id: Username]
2023-10-27 16:05:26.543 INFO  page.GlobalFunctions Text in the field is cleard [[ChromeDriver: chrome on windows (2cb9002029ada4f3241a096bdf688520)] -> id: Username]
2023-10-27 16:05:26.637 INFO  page.GlobalFunctions Enter the value srinivas@
2023-10-27 16:05:26.786 INFO  page.GlobalFunctions Taking screen shot....
2023-10-27 16:05:26.794 INFO  utility.ReadXml Key:srinivas@ value: null
2023-10-27 16:05:26.796 INFO  utility.ReadXml Key:srinivas@ value: null
2023-10-27 16:05:26.796 INFO  page.GlobalFunctions text value is  srinivas@
2023-10-27 16:05:26.828 INFO  page.GlobalFunctions Element is displayed [[ChromeDriver: chrome on windows (2cb9002029ada4f3241a096bdf688520)] -> id: outlined-adornment-password]
2023-10-27 16:05:26.860 INFO  page.GlobalFunctions Text in the field is cleard [[ChromeDriver: chrome on windows (2cb9002029ada4f3241a096bdf688520)] -> id: outlined-adornment-password]
2023-10-27 16:05:26.942 INFO  page.GlobalFunctions Enter the value srinivas@
2023-10-27 16:05:27.071 INFO  page.GlobalFunctions Taking screen shot....
2023-10-27 16:05:27.107 INFO  page.GlobalFunctions Element is displayed [[ChromeDriver: chrome on windows (2cb9002029ada4f3241a096bdf688520)] -> xpath: //button[text()='Login']]
2023-10-27 16:05:27.275 INFO  page.GlobalFunctions Taking screen shot....
2023-10-27 16:05:27.283 INFO  utility.ReadXml Key:login warning message value: Incorrect User Name or Password!
2023-10-27 16:05:27.283 INFO  page.GlobalFunctions text value is  Incorrect User Name or Password!
2023-10-27 16:05:27.310 INFO  page.GlobalFunctions actualText  expectedText Incorrect User Name or Password!
2023-10-27 16:05:27.441 INFO  page.GlobalFunctions Taking screen shot....
2023-10-27 16:05:31.092 INFO  page.CommonPage launching Vender application
2023-10-27 16:05:31.213 INFO  page.GlobalFunctions Taking screen shot....
2023-10-27 16:05:31.221 INFO  utility.ReadXml Key:forgot password value: Forgot Password
2023-10-27 16:05:31.221 INFO  page.GlobalFunctions text value is  Forgot Password
2023-10-27 16:05:32.110 INFO  page.GlobalFunctions actualText Forgot Password expectedText Forgot Password
2023-10-27 16:05:32.249 INFO  page.GlobalFunctions Taking screen shot....
2023-10-27 16:05:32.257 INFO  utility.ReadXml Key:srinivas@neviton.c value: null
2023-10-27 16:05:32.259 INFO  utility.ReadXml Key:srinivas@neviton.c value: null
2023-10-27 16:05:32.259 INFO  page.GlobalFunctions text value is  srinivas@neviton.c
2023-10-27 16:05:32.289 INFO  page.GlobalFunctions Element is displayed [[ChromeDriver: chrome on windows (c525b5e9d3903fb7cdd02416ec94a9a0)] -> id: Username]
2023-10-27 16:05:32.332 INFO  page.GlobalFunctions Text in the field is cleard [[ChromeDriver: chrome on windows (c525b5e9d3903fb7cdd02416ec94a9a0)] -> id: Username]
2023-10-27 16:05:32.476 INFO  page.GlobalFunctions Enter the value srinivas@neviton.c
2023-10-27 16:05:32.640 INFO  page.GlobalFunctions Taking screen shot....
2023-10-27 16:05:32.649 INFO  utility.ReadXml Key:srinivas@ value: null
2023-10-27 16:05:32.651 INFO  utility.ReadXml Key:srinivas@ value: null
2023-10-27 16:05:32.651 INFO  page.GlobalFunctions text value is  srinivas@
2023-10-27 16:05:32.684 INFO  page.GlobalFunctions Element is displayed [[ChromeDriver: chrome on windows (c525b5e9d3903fb7cdd02416ec94a9a0)] -> id: outlined-adornment-password]
2023-10-27 16:05:32.717 INFO  page.GlobalFunctions Text in the field is cleard [[ChromeDriver: chrome on windows (c525b5e9d3903fb7cdd02416ec94a9a0)] -> id: outlined-adornment-password]
2023-10-27 16:05:32.803 INFO  page.GlobalFunctions Enter the value srinivas@
2023-10-27 16:05:32.948 INFO  page.GlobalFunctions Taking screen shot....
2023-10-27 16:05:32.987 INFO  page.GlobalFunctions Element is displayed [[ChromeDriver: chrome on windows (c525b5e9d3903fb7cdd02416ec94a9a0)] -> xpath: //button[text()='Login']]
2023-10-27 16:05:33.177 INFO  page.GlobalFunctions Taking screen shot....
2023-10-27 16:05:33.186 INFO  utility.ReadXml Key:login warning message value: Incorrect User Name or Password!
2023-10-27 16:05:33.186 INFO  page.GlobalFunctions text value is  Incorrect User Name or Password!
2023-10-27 16:05:33.213 INFO  page.GlobalFunctions actualText  expectedText Incorrect User Name or Password!
2023-10-27 16:05:33.356 INFO  page.GlobalFunctions Taking screen shot....
2023-10-27 16:07:31.703 INFO  page.CommonPage launching Vender application
2023-10-27 16:07:31.843 INFO  page.GlobalFunctions Taking screen shot....
2023-10-27 16:07:31.864 INFO  utility.ReadXml Key:forgot password value: Forgot Password
2023-10-27 16:07:31.864 INFO  page.GlobalFunctions text value is  Forgot Password
2023-10-27 16:07:31.918 INFO  page.GlobalFunctions actualText Forgot Password expectedText Forgot Password
2023-10-27 16:07:32.059 INFO  page.GlobalFunctions Taking screen shot....
2023-10-27 16:07:32.072 INFO  utility.ReadXml Key:abc123@gmail.com value: null
2023-10-27 16:07:32.075 INFO  utility.ReadXml Key:abc123@gmail.com value: null
2023-10-27 16:07:32.075 INFO  page.GlobalFunctions text value is  abc123@gmail.com
2023-10-27 16:07:32.116 INFO  page.GlobalFunctions Element is displayed [[ChromeDriver: chrome on windows (7bb962c7bfee9491244278ee80b6f40f)] -> id: Username]
2023-10-27 16:07:32.159 INFO  page.GlobalFunctions Text in the field is cleard [[ChromeDriver: chrome on windows (7bb962c7bfee9491244278ee80b6f40f)] -> id: Username]
2023-10-27 16:07:32.287 INFO  page.GlobalFunctions Enter the value abc123@gmail.com
2023-10-27 16:07:32.426 INFO  page.GlobalFunctions Taking screen shot....
2023-10-27 16:07:32.438 INFO  utility.ReadXml Key:srinivas@ value: null
2023-10-27 16:07:32.440 INFO  utility.ReadXml Key:srinivas@ value: null
2023-10-27 16:07:32.440 INFO  page.GlobalFunctions text value is  srinivas@
2023-10-27 16:07:32.471 INFO  page.GlobalFunctions Element is displayed [[ChromeDriver: chrome on windows (7bb962c7bfee9491244278ee80b6f40f)] -> id: outlined-adornment-password]
2023-10-27 16:07:32.503 INFO  page.GlobalFunctions Text in the field is cleard [[ChromeDriver: chrome on windows (7bb962c7bfee9491244278ee80b6f40f)] -> id: outlined-adornment-password]
2023-10-27 16:07:32.588 INFO  page.GlobalFunctions Enter the value srinivas@
2023-10-27 16:07:32.710 INFO  page.GlobalFunctions Taking screen shot....
2023-10-27 16:07:32.749 INFO  page.GlobalFunctions Element is displayed [[ChromeDriver: chrome on windows (7bb962c7bfee9491244278ee80b6f40f)] -> xpath: //button[text()='Login']]
2023-10-27 16:07:33.908 INFO  page.GlobalFunctions Taking screen shot....
2023-10-27 16:07:33.915 INFO  utility.ReadXml Key:login warning message value: Incorrect User Name or Password!
2023-10-27 16:07:33.916 INFO  page.GlobalFunctions text value is  Incorrect User Name or Password!
2023-10-27 16:07:33.935 INFO  page.GlobalFunctions actualText Incorrect User Name or Password! expectedText Incorrect User Name or Password!
2023-10-27 16:07:34.030 INFO  page.GlobalFunctions Taking screen shot....
2023-10-27 16:07:37.318 INFO  page.CommonPage launching Vender application
2023-10-27 16:07:37.446 INFO  page.GlobalFunctions Taking screen shot....
2023-10-27 16:07:37.454 INFO  utility.ReadXml Key:forgot password value: Forgot Password
2023-10-27 16:07:37.455 INFO  page.GlobalFunctions text value is  Forgot Password
2023-10-27 16:07:37.539 INFO  page.GlobalFunctions actualText Forgot Password expectedText Forgot Password
2023-10-27 16:07:37.709 INFO  page.GlobalFunctions Taking screen shot....
2023-10-27 16:07:37.719 INFO  utility.ReadXml Key:srinivas value: null
2023-10-27 16:07:37.721 INFO  utility.ReadXml Key:srinivas value: null
2023-10-27 16:07:37.721 INFO  page.GlobalFunctions text value is  srinivas
2023-10-27 16:07:37.755 INFO  page.GlobalFunctions Element is displayed [[ChromeDriver: chrome on windows (791405ed64db0b6dd4c60f155d0e36d3)] -> id: Username]
2023-10-27 16:07:37.798 INFO  page.GlobalFunctions Text in the field is cleard [[ChromeDriver: chrome on windows (791405ed64db0b6dd4c60f155d0e36d3)] -> id: Username]
2023-10-27 16:07:37.892 INFO  page.GlobalFunctions Enter the value srinivas
2023-10-27 16:07:38.015 INFO  page.GlobalFunctions Taking screen shot....
2023-10-27 16:07:38.024 INFO  utility.ReadXml Key:srinivas@ value: null
2023-10-27 16:07:38.026 INFO  utility.ReadXml Key:srinivas@ value: null
2023-10-27 16:07:38.026 INFO  page.GlobalFunctions text value is  srinivas@
2023-10-27 16:07:38.056 INFO  page.GlobalFunctions Element is displayed [[ChromeDriver: chrome on windows (791405ed64db0b6dd4c60f155d0e36d3)] -> id: outlined-adornment-password]
2023-10-27 16:07:38.090 INFO  page.GlobalFunctions Text in the field is cleard [[ChromeDriver: chrome on windows (791405ed64db0b6dd4c60f155d0e36d3)] -> id: outlined-adornment-password]
2023-10-27 16:07:38.179 INFO  page.GlobalFunctions Enter the value srinivas@
2023-10-27 16:07:38.296 INFO  page.GlobalFunctions Taking screen shot....
2023-10-27 16:07:38.336 INFO  page.GlobalFunctions Element is displayed [[ChromeDriver: chrome on windows (791405ed64db0b6dd4c60f155d0e36d3)] -> xpath: //button[text()='Login']]
2023-10-27 16:07:39.500 INFO  page.GlobalFunctions Taking screen shot....
2023-10-27 16:07:39.510 INFO  utility.ReadXml Key:login warning message value: Incorrect User Name or Password!
2023-10-27 16:07:39.510 INFO  page.GlobalFunctions text value is  Incorrect User Name or Password!
2023-10-27 16:07:39.531 INFO  page.GlobalFunctions actualText Incorrect User Name or Password! expectedText Incorrect User Name or Password!
2023-10-27 16:07:39.659 INFO  page.GlobalFunctions Taking screen shot....
2023-10-27 16:07:43.022 INFO  page.CommonPage launching Vender application
2023-10-27 16:07:43.147 INFO  page.GlobalFunctions Taking screen shot....
2023-10-27 16:07:43.155 INFO  utility.ReadXml Key:forgot password value: Forgot Password
2023-10-27 16:07:43.155 INFO  page.GlobalFunctions text value is  Forgot Password
2023-10-27 16:07:43.203 INFO  page.GlobalFunctions actualText Forgot Password expectedText Forgot Password
2023-10-27 16:07:43.364 INFO  page.GlobalFunctions Taking screen shot....
2023-10-27 16:07:43.372 INFO  utility.ReadXml Key:srinivas@neviton value: null
2023-10-27 16:07:43.374 INFO  utility.ReadXml Key:srinivas@neviton value: null
2023-10-27 16:07:43.374 INFO  page.GlobalFunctions text value is  srinivas@neviton
2023-10-27 16:07:43.406 INFO  page.GlobalFunctions Element is displayed [[ChromeDriver: chrome on windows (a0e32a9bd9594a188f4824f74c19e12c)] -> id: Username]
2023-10-27 16:07:43.447 INFO  page.GlobalFunctions Text in the field is cleard [[ChromeDriver: chrome on windows (a0e32a9bd9594a188f4824f74c19e12c)] -> id: Username]
2023-10-27 16:07:43.572 INFO  page.GlobalFunctions Enter the value srinivas@neviton
2023-10-27 16:07:43.711 INFO  page.GlobalFunctions Taking screen shot....
2023-10-27 16:07:43.719 INFO  utility.ReadXml Key:srinivas@ value: null
2023-10-27 16:07:43.721 INFO  utility.ReadXml Key:srinivas@ value: null
2023-10-27 16:07:43.721 INFO  page.GlobalFunctions text value is  srinivas@
2023-10-27 16:07:43.752 INFO  page.GlobalFunctions Element is displayed [[ChromeDriver: chrome on windows (a0e32a9bd9594a188f4824f74c19e12c)] -> id: outlined-adornment-password]
2023-10-27 16:07:43.785 INFO  page.GlobalFunctions Text in the field is cleard [[ChromeDriver: chrome on windows (a0e32a9bd9594a188f4824f74c19e12c)] -> id: outlined-adornment-password]
2023-10-27 16:07:43.868 INFO  page.GlobalFunctions Enter the value srinivas@
2023-10-27 16:07:44.010 INFO  page.GlobalFunctions Taking screen shot....
2023-10-27 16:07:44.049 INFO  page.GlobalFunctions Element is displayed [[ChromeDriver: chrome on windows (a0e32a9bd9594a188f4824f74c19e12c)] -> xpath: //button[text()='Login']]
2023-10-27 16:07:45.206 INFO  page.GlobalFunctions Taking screen shot....
2023-10-27 16:07:45.214 INFO  utility.ReadXml Key:login warning message value: Incorrect User Name or Password!
2023-10-27 16:07:45.214 INFO  page.GlobalFunctions text value is  Incorrect User Name or Password!
2023-10-27 16:07:45.238 INFO  page.GlobalFunctions actualText Incorrect User Name or Password! expectedText Incorrect User Name or Password!
2023-10-27 16:07:45.342 INFO  page.GlobalFunctions Taking screen shot....
2023-10-27 16:07:48.551 INFO  page.CommonPage launching Vender application
2023-10-27 16:07:48.657 INFO  page.GlobalFunctions Taking screen shot....
2023-10-27 16:07:48.665 INFO  utility.ReadXml Key:forgot password value: Forgot Password
2023-10-27 16:07:48.666 INFO  page.GlobalFunctions text value is  Forgot Password
2023-10-27 16:07:48.757 INFO  page.GlobalFunctions actualText Forgot Password expectedText Forgot Password
2023-10-27 16:07:48.933 INFO  page.GlobalFunctions Taking screen shot....
2023-10-27 16:07:48.943 INFO  utility.ReadXml Key:srinivas@ value: null
2023-10-27 16:07:48.945 INFO  utility.ReadXml Key:srinivas@ value: null
2023-10-27 16:07:48.945 INFO  page.GlobalFunctions text value is  srinivas@
2023-10-27 16:07:48.976 INFO  page.GlobalFunctions Element is displayed [[ChromeDriver: chrome on windows (6f51140b89bdfc68264a7c16a61f18ce)] -> id: Username]
2023-10-27 16:07:49.017 INFO  page.GlobalFunctions Text in the field is cleard [[ChromeDriver: chrome on windows (6f51140b89bdfc68264a7c16a61f18ce)] -> id: Username]
2023-10-27 16:07:49.113 INFO  page.GlobalFunctions Enter the value srinivas@
2023-10-27 16:07:49.219 INFO  page.GlobalFunctions Taking screen shot....
2023-10-27 16:07:49.228 INFO  utility.ReadXml Key:srinivas@ value: null
2023-10-27 16:07:49.230 INFO  utility.ReadXml Key:srinivas@ value: null
2023-10-27 16:07:49.230 INFO  page.GlobalFunctions text value is  srinivas@
2023-10-27 16:07:49.266 INFO  page.GlobalFunctions Element is displayed [[ChromeDriver: chrome on windows (6f51140b89bdfc68264a7c16a61f18ce)] -> id: outlined-adornment-password]
2023-10-27 16:07:49.301 INFO  page.GlobalFunctions Text in the field is cleard [[ChromeDriver: chrome on windows (6f51140b89bdfc68264a7c16a61f18ce)] -> id: outlined-adornment-password]
2023-10-27 16:07:49.390 INFO  page.GlobalFunctions Enter the value srinivas@
2023-10-27 16:07:49.535 INFO  page.GlobalFunctions Taking screen shot....
2023-10-27 16:07:49.571 INFO  page.GlobalFunctions Element is displayed [[ChromeDriver: chrome on windows (6f51140b89bdfc68264a7c16a61f18ce)] -> xpath: //button[text()='Login']]
2023-10-27 16:07:50.732 INFO  page.GlobalFunctions Taking screen shot....
2023-10-27 16:07:50.739 INFO  utility.ReadXml Key:login warning message value: Incorrect User Name or Password!
2023-10-27 16:07:50.739 INFO  page.GlobalFunctions text value is  Incorrect User Name or Password!
2023-10-27 16:07:50.760 INFO  page.GlobalFunctions actualText Incorrect User Name or Password! expectedText Incorrect User Name or Password!
2023-10-27 16:07:50.864 INFO  page.GlobalFunctions Taking screen shot....
2023-10-27 16:07:54.131 INFO  page.CommonPage launching Vender application
2023-10-27 16:07:54.278 INFO  page.GlobalFunctions Taking screen shot....
2023-10-27 16:07:54.286 INFO  utility.ReadXml Key:forgot password value: Forgot Password
2023-10-27 16:07:54.286 INFO  page.GlobalFunctions text value is  Forgot Password
2023-10-27 16:07:54.347 INFO  page.GlobalFunctions actualText Forgot Password expectedText Forgot Password
2023-10-27 16:07:54.544 INFO  page.GlobalFunctions Taking screen shot....
2023-10-27 16:07:54.551 INFO  utility.ReadXml Key:srinivas@neviton.c value: null
2023-10-27 16:07:54.553 INFO  utility.ReadXml Key:srinivas@neviton.c value: null
2023-10-27 16:07:54.553 INFO  page.GlobalFunctions text value is  srinivas@neviton.c
2023-10-27 16:07:54.586 INFO  page.GlobalFunctions Element is displayed [[ChromeDriver: chrome on windows (aaae818f2e2d94156caaf380faa983ac)] -> id: Username]
2023-10-27 16:07:54.626 INFO  page.GlobalFunctions Text in the field is cleard [[ChromeDriver: chrome on windows (aaae818f2e2d94156caaf380faa983ac)] -> id: Username]
2023-10-27 16:07:54.758 INFO  page.GlobalFunctions Enter the value srinivas@neviton.c
2023-10-27 16:07:54.909 INFO  page.GlobalFunctions Taking screen shot....
2023-10-27 16:07:54.916 INFO  utility.ReadXml Key:srinivas@ value: null
2023-10-27 16:07:54.919 INFO  utility.ReadXml Key:srinivas@ value: null
2023-10-27 16:07:54.919 INFO  page.GlobalFunctions text value is  srinivas@
2023-10-27 16:07:54.949 INFO  page.GlobalFunctions Element is displayed [[ChromeDriver: chrome on windows (aaae818f2e2d94156caaf380faa983ac)] -> id: outlined-adornment-password]
2023-10-27 16:07:54.981 INFO  page.GlobalFunctions Text in the field is cleard [[ChromeDriver: chrome on windows (aaae818f2e2d94156caaf380faa983ac)] -> id: outlined-adornment-password]
2023-10-27 16:07:55.068 INFO  page.GlobalFunctions Enter the value srinivas@
2023-10-27 16:07:55.203 INFO  page.GlobalFunctions Taking screen shot....
2023-10-27 16:07:55.240 INFO  page.GlobalFunctions Element is displayed [[ChromeDriver: chrome on windows (aaae818f2e2d94156caaf380faa983ac)] -> xpath: //button[text()='Login']]
2023-10-27 16:07:56.392 INFO  page.GlobalFunctions Taking screen shot....
2023-10-27 16:07:56.404 INFO  utility.ReadXml Key:login warning message value: Incorrect User Name or Password!
2023-10-27 16:07:56.404 INFO  page.GlobalFunctions text value is  Incorrect User Name or Password!
2023-10-27 16:07:56.426 INFO  page.GlobalFunctions actualText Incorrect User Name or Password! expectedText Incorrect User Name or Password!
2023-10-27 16:07:56.527 INFO  page.GlobalFunctions Taking screen shot....
2023-10-27 16:10:24.046 INFO  page.CommonPage launching Vender application
2023-10-27 16:10:24.163 INFO  page.GlobalFunctions Taking screen shot....
2023-10-27 16:10:24.181 INFO  utility.ReadXml Key:forgot password value: Forgot Password
2023-10-27 16:10:24.181 INFO  page.GlobalFunctions text value is  Forgot Password
2023-10-27 16:10:25.547 INFO  page.GlobalFunctions actualText Forgot Password expectedText Forgot Password
2023-10-27 16:10:25.726 INFO  page.GlobalFunctions Taking screen shot....
2023-10-27 16:10:25.742 INFO  utility.ReadXml Key:abc123@gmail.com value: null
2023-10-27 16:10:25.742 INFO  utility.ReadXml Key:abc123@gmail.com value: null
2023-10-27 16:10:25.742 INFO  page.GlobalFunctions text value is  abc123@gmail.com
2023-10-27 16:10:25.789 INFO  page.GlobalFunctions Element is displayed [[ChromeDriver: chrome on windows (59b5fa6b24514141e6ab69d7fd4c3fdf)] -> id: Username]
2023-10-27 16:10:25.842 INFO  page.GlobalFunctions Text in the field is cleard [[ChromeDriver: chrome on windows (59b5fa6b24514141e6ab69d7fd4c3fdf)] -> id: Username]
2023-10-27 16:10:25.972 INFO  page.GlobalFunctions Enter the value abc123@gmail.com
2023-10-27 16:10:26.087 INFO  page.GlobalFunctions Taking screen shot....
2023-10-27 16:10:26.120 INFO  utility.ReadXml Key:srinivas@ value: null
2023-10-27 16:10:26.123 INFO  utility.ReadXml Key:srinivas@ value: null
2023-10-27 16:10:26.123 INFO  page.GlobalFunctions text value is  srinivas@
2023-10-27 16:10:26.154 INFO  page.GlobalFunctions Element is displayed [[ChromeDriver: chrome on windows (59b5fa6b24514141e6ab69d7fd4c3fdf)] -> id: outlined-adornment-password]
2023-10-27 16:10:26.187 INFO  page.GlobalFunctions Text in the field is cleard [[ChromeDriver: chrome on windows (59b5fa6b24514141e6ab69d7fd4c3fdf)] -> id: outlined-adornment-password]
2023-10-27 16:10:26.293 INFO  page.GlobalFunctions Enter the value srinivas@
2023-10-27 16:10:26.403 INFO  page.GlobalFunctions Taking screen shot....
2023-10-27 16:10:26.454 INFO  page.GlobalFunctions Element is displayed [[ChromeDriver: chrome on windows (59b5fa6b24514141e6ab69d7fd4c3fdf)] -> xpath: //button[text()='Login']]
2023-10-27 16:10:26.632 INFO  page.GlobalFunctions Taking screen shot....
2023-10-27 16:10:26.637 INFO  utility.ReadXml Key:login warning message value: Incorrect User Name or Password!
2023-10-27 16:10:26.637 INFO  page.GlobalFunctions text value is  Incorrect User Name or Password!
2023-10-27 16:10:26.664 INFO  page.GlobalFunctions wait for PT30S time of element [[ChromeDriver: chrome on windows (59b5fa6b24514141e6ab69d7fd4c3fdf)] -> xpath: //*[@class='MuiAlert-message css-1xsto0d']] attribute class to load
2023-10-27 16:10:26.721 INFO  page.GlobalFunctions actualText  expectedText Incorrect User Name or Password!
2023-10-27 16:10:26.873 INFO  page.GlobalFunctions Taking screen shot....
2023-10-27 16:10:30.760 INFO  page.CommonPage launching Vender application
2023-10-27 16:10:30.897 INFO  page.GlobalFunctions Taking screen shot....
2023-10-27 16:10:30.897 INFO  utility.ReadXml Key:forgot password value: Forgot Password
2023-10-27 16:10:30.897 INFO  page.GlobalFunctions text value is  Forgot Password
2023-10-27 16:10:31.193 INFO  page.GlobalFunctions actualText Forgot Password expectedText Forgot Password
2023-10-27 16:10:31.382 INFO  page.GlobalFunctions Taking screen shot....
2023-10-27 16:10:31.394 INFO  utility.ReadXml Key:srinivas value: null
2023-10-27 16:10:31.394 INFO  utility.ReadXml Key:srinivas value: null
2023-10-27 16:10:31.394 INFO  page.GlobalFunctions text value is  srinivas
2023-10-27 16:10:31.431 INFO  page.GlobalFunctions Element is displayed [[ChromeDriver: chrome on windows (68207542e31c424263eef4b82da0e44d)] -> id: Username]
2023-10-27 16:10:31.484 INFO  page.GlobalFunctions Text in the field is cleard [[ChromeDriver: chrome on windows (68207542e31c424263eef4b82da0e44d)] -> id: Username]
2023-10-27 16:10:31.582 INFO  page.GlobalFunctions Enter the value srinivas
2023-10-27 16:10:31.731 INFO  page.GlobalFunctions Taking screen shot....
2023-10-27 16:10:31.750 INFO  utility.ReadXml Key:srinivas@ value: null
2023-10-27 16:10:31.750 INFO  utility.ReadXml Key:srinivas@ value: null
2023-10-27 16:10:31.750 INFO  page.GlobalFunctions text value is  srinivas@
2023-10-27 16:10:31.785 INFO  page.GlobalFunctions Element is displayed [[ChromeDriver: chrome on windows (68207542e31c424263eef4b82da0e44d)] -> id: outlined-adornment-password]
2023-10-27 16:10:31.820 INFO  page.GlobalFunctions Text in the field is cleard [[ChromeDriver: chrome on windows (68207542e31c424263eef4b82da0e44d)] -> id: outlined-adornment-password]
2023-10-27 16:10:31.906 INFO  page.GlobalFunctions Enter the value srinivas@
2023-10-27 16:10:32.017 INFO  page.GlobalFunctions Taking screen shot....
2023-10-27 16:10:32.057 INFO  page.GlobalFunctions Element is displayed [[ChromeDriver: chrome on windows (68207542e31c424263eef4b82da0e44d)] -> xpath: //button[text()='Login']]
2023-10-27 16:10:32.221 INFO  page.GlobalFunctions Taking screen shot....
2023-10-27 16:10:32.230 INFO  utility.ReadXml Key:login warning message value: Incorrect User Name or Password!
2023-10-27 16:10:32.231 INFO  page.GlobalFunctions text value is  Incorrect User Name or Password!
2023-10-27 16:10:32.246 INFO  page.GlobalFunctions wait for PT30S time of element [[ChromeDriver: chrome on windows (68207542e31c424263eef4b82da0e44d)] -> xpath: //*[@class='MuiAlert-message css-1xsto0d']] attribute class to load
2023-10-27 16:10:32.294 INFO  page.GlobalFunctions actualText  expectedText Incorrect User Name or Password!
2023-10-27 16:10:32.435 INFO  page.GlobalFunctions Taking screen shot....
2023-10-27 16:10:35.775 INFO  page.CommonPage launching Vender application
2023-10-27 16:10:35.937 INFO  page.GlobalFunctions Taking screen shot....
2023-10-27 16:10:35.946 INFO  utility.ReadXml Key:forgot password value: Forgot Password
2023-10-27 16:10:35.946 INFO  page.GlobalFunctions text value is  Forgot Password
2023-10-27 16:10:35.984 INFO  page.GlobalFunctions actualText Forgot Password expectedText Forgot Password
2023-10-27 16:10:36.108 INFO  page.GlobalFunctions Taking screen shot....
2023-10-27 16:10:36.116 INFO  utility.ReadXml Key:srinivas@neviton value: null
2023-10-27 16:10:36.118 INFO  utility.ReadXml Key:srinivas@neviton value: null
2023-10-27 16:10:36.118 INFO  page.GlobalFunctions text value is  srinivas@neviton
2023-10-27 16:10:36.150 INFO  page.GlobalFunctions Element is displayed [[ChromeDriver: chrome on windows (6047eae1481424e078b571542102a0a6)] -> id: Username]
2023-10-27 16:10:36.190 INFO  page.GlobalFunctions Text in the field is cleard [[ChromeDriver: chrome on windows (6047eae1481424e078b571542102a0a6)] -> id: Username]
2023-10-27 16:10:36.320 INFO  page.GlobalFunctions Enter the value srinivas@neviton
2023-10-27 16:10:36.422 INFO  page.GlobalFunctions Taking screen shot....
2023-10-27 16:10:36.431 INFO  utility.ReadXml Key:srinivas@ value: null
2023-10-27 16:10:36.433 INFO  utility.ReadXml Key:srinivas@ value: null
2023-10-27 16:10:36.433 INFO  page.GlobalFunctions text value is  srinivas@
2023-10-27 16:10:36.468 INFO  page.GlobalFunctions Element is displayed [[ChromeDriver: chrome on windows (6047eae1481424e078b571542102a0a6)] -> id: outlined-adornment-password]
2023-10-27 16:10:36.499 INFO  page.GlobalFunctions Text in the field is cleard [[ChromeDriver: chrome on windows (6047eae1481424e078b571542102a0a6)] -> id: outlined-adornment-password]
2023-10-27 16:10:36.586 INFO  page.GlobalFunctions Enter the value srinivas@
2023-10-27 16:10:36.685 INFO  page.GlobalFunctions Taking screen shot....
2023-10-27 16:10:36.724 INFO  page.GlobalFunctions Element is displayed [[ChromeDriver: chrome on windows (6047eae1481424e078b571542102a0a6)] -> xpath: //button[text()='Login']]
2023-10-27 16:10:36.893 INFO  page.GlobalFunctions Taking screen shot....
2023-10-27 16:10:36.904 INFO  utility.ReadXml Key:login warning message value: Incorrect User Name or Password!
2023-10-27 16:10:36.904 INFO  page.GlobalFunctions text value is  Incorrect User Name or Password!
2023-10-27 16:10:36.919 INFO  page.GlobalFunctions wait for PT30S time of element [[ChromeDriver: chrome on windows (6047eae1481424e078b571542102a0a6)] -> xpath: //*[@class='MuiAlert-message css-1xsto0d']] attribute class to load
2023-10-27 16:10:36.957 INFO  page.GlobalFunctions actualText  expectedText Incorrect User Name or Password!
2023-10-27 16:10:37.132 INFO  page.GlobalFunctions Taking screen shot....
2023-10-27 16:10:40.667 INFO  page.CommonPage launching Vender application
2023-10-27 16:10:40.800 INFO  page.GlobalFunctions Taking screen shot....
2023-10-27 16:10:40.808 INFO  utility.ReadXml Key:forgot password value: Forgot Password
2023-10-27 16:10:40.808 INFO  page.GlobalFunctions text value is  Forgot Password
2023-10-27 16:10:41.124 INFO  page.GlobalFunctions actualText Forgot Password expectedText Forgot Password
2023-10-27 16:10:41.243 INFO  page.GlobalFunctions Taking screen shot....
2023-10-27 16:10:41.251 INFO  utility.ReadXml Key:srinivas@ value: null
2023-10-27 16:10:41.254 INFO  utility.ReadXml Key:srinivas@ value: null
2023-10-27 16:10:41.254 INFO  page.GlobalFunctions text value is  srinivas@
2023-10-27 16:10:41.291 INFO  page.GlobalFunctions Element is displayed [[ChromeDriver: chrome on windows (e5936456b23f856b8a862d3b86712df5)] -> id: Username]
2023-10-27 16:10:41.337 INFO  page.GlobalFunctions Text in the field is cleard [[ChromeDriver: chrome on windows (e5936456b23f856b8a862d3b86712df5)] -> id: Username]
2023-10-27 16:10:41.440 INFO  page.GlobalFunctions Enter the value srinivas@
2023-10-27 16:10:41.586 INFO  page.GlobalFunctions Taking screen shot....
2023-10-27 16:10:41.596 INFO  utility.ReadXml Key:srinivas@ value: null
2023-10-27 16:10:41.598 INFO  utility.ReadXml Key:srinivas@ value: null
2023-10-27 16:10:41.598 INFO  page.GlobalFunctions text value is  srinivas@
2023-10-27 16:10:41.630 INFO  page.GlobalFunctions Element is displayed [[ChromeDriver: chrome on windows (e5936456b23f856b8a862d3b86712df5)] -> id: outlined-adornment-password]
2023-10-27 16:10:41.664 INFO  page.GlobalFunctions Text in the field is cleard [[ChromeDriver: chrome on windows (e5936456b23f856b8a862d3b86712df5)] -> id: outlined-adornment-password]
2023-10-27 16:10:41.758 INFO  page.GlobalFunctions Enter the value srinivas@
2023-10-27 16:10:41.877 INFO  page.GlobalFunctions Taking screen shot....
2023-10-27 16:10:41.919 INFO  page.GlobalFunctions Element is displayed [[ChromeDriver: chrome on windows (e5936456b23f856b8a862d3b86712df5)] -> xpath: //button[text()='Login']]
2023-10-27 16:10:42.105 INFO  page.GlobalFunctions Taking screen shot....
2023-10-27 16:10:42.115 INFO  utility.ReadXml Key:login warning message value: Incorrect User Name or Password!
2023-10-27 16:10:42.115 INFO  page.GlobalFunctions text value is  Incorrect User Name or Password!
2023-10-27 16:10:42.130 INFO  page.GlobalFunctions wait for PT30S time of element [[ChromeDriver: chrome on windows (e5936456b23f856b8a862d3b86712df5)] -> xpath: //*[@class='MuiAlert-message css-1xsto0d']] attribute class to load
2023-10-27 16:10:42.169 INFO  page.GlobalFunctions actualText  expectedText Incorrect User Name or Password!
2023-10-27 16:10:42.339 INFO  page.GlobalFunctions Taking screen shot....
2023-10-27 16:10:45.879 INFO  page.CommonPage launching Vender application
2023-10-27 16:10:46.004 INFO  page.GlobalFunctions Taking screen shot....
2023-10-27 16:10:46.012 INFO  utility.ReadXml Key:forgot password value: Forgot Password
2023-10-27 16:10:46.014 INFO  page.GlobalFunctions text value is  Forgot Password
2023-10-27 16:10:46.063 INFO  page.GlobalFunctions actualText Forgot Password expectedText Forgot Password
2023-10-27 16:10:46.255 INFO  page.GlobalFunctions Taking screen shot....
2023-10-27 16:10:46.264 INFO  utility.ReadXml Key:srinivas@neviton.c value: null
2023-10-27 16:10:46.266 INFO  utility.ReadXml Key:srinivas@neviton.c value: null
2023-10-27 16:10:46.266 INFO  page.GlobalFunctions text value is  srinivas@neviton.c
2023-10-27 16:10:46.308 INFO  page.GlobalFunctions Element is displayed [[ChromeDriver: chrome on windows (47b1aabefa86caeeea68104f92606b47)] -> id: Username]
2023-10-27 16:10:46.365 INFO  page.GlobalFunctions Text in the field is cleard [[ChromeDriver: chrome on windows (47b1aabefa86caeeea68104f92606b47)] -> id: Username]
2023-10-27 16:10:58.398 INFO  page.GlobalFunctions Enter the value srinivas@neviton.c
2023-10-27 16:10:58.507 INFO  page.GlobalFunctions Taking screen shot....
2023-10-27 16:10:58.518 INFO  utility.ReadXml Key:srinivas@ value: null
2023-10-27 16:10:58.520 INFO  utility.ReadXml Key:srinivas@ value: null
2023-10-27 16:10:58.520 INFO  page.GlobalFunctions text value is  srinivas@
2023-10-27 16:10:58.554 INFO  page.GlobalFunctions Element is displayed [[ChromeDriver: chrome on windows (47b1aabefa86caeeea68104f92606b47)] -> id: outlined-adornment-password]
2023-10-27 16:10:58.591 INFO  page.GlobalFunctions Text in the field is cleard [[ChromeDriver: chrome on windows (47b1aabefa86caeeea68104f92606b47)] -> id: outlined-adornment-password]
2023-10-27 16:10:58.680 INFO  page.GlobalFunctions Enter the value srinivas@
2023-10-27 16:10:58.829 INFO  page.GlobalFunctions Taking screen shot....
2023-10-27 16:10:58.872 INFO  page.GlobalFunctions Element is displayed [[ChromeDriver: chrome on windows (47b1aabefa86caeeea68104f92606b47)] -> xpath: //button[text()='Login']]
2023-10-27 16:10:59.062 INFO  page.GlobalFunctions Taking screen shot....
2023-10-27 16:10:59.073 INFO  utility.ReadXml Key:login warning message value: Incorrect User Name or Password!
2023-10-27 16:10:59.073 INFO  page.GlobalFunctions text value is  Incorrect User Name or Password!
2023-10-27 16:10:59.096 INFO  page.GlobalFunctions wait for PT30S time of element [[ChromeDriver: chrome on windows (47b1aabefa86caeeea68104f92606b47)] -> xpath: //*[@class='MuiAlert-message css-1xsto0d']] attribute class to load
2023-10-27 16:10:59.142 INFO  page.GlobalFunctions actualText  expectedText Incorrect User Name or Password!
2023-10-27 16:10:59.335 INFO  page.GlobalFunctions Taking screen shot....
2023-10-27 16:12:19.826 INFO  page.CommonPage launching Vender application
2023-10-27 16:12:19.961 INFO  page.GlobalFunctions Taking screen shot....
2023-10-27 16:12:19.987 INFO  utility.ReadXml Key:forgot password value: Forgot Password
2023-10-27 16:12:19.987 INFO  page.GlobalFunctions text value is  Forgot Password
2023-10-27 16:12:20.028 INFO  page.GlobalFunctions actualText Forgot Password expectedText Forgot Password
2023-10-27 16:12:20.205 INFO  page.GlobalFunctions Taking screen shot....
2023-10-27 16:12:20.221 INFO  utility.ReadXml Key:abc123@gmail.com value: null
2023-10-27 16:12:20.223 INFO  utility.ReadXml Key:abc123@gmail.com value: null
2023-10-27 16:12:20.224 INFO  page.GlobalFunctions text value is  abc123@gmail.com
2023-10-27 16:12:20.273 INFO  page.GlobalFunctions Element is displayed [[ChromeDriver: chrome on windows (711fdb55c6a989bd5fd0a5c6c138088a)] -> id: Username]
2023-10-27 16:12:20.332 INFO  page.GlobalFunctions Text in the field is cleard [[ChromeDriver: chrome on windows (711fdb55c6a989bd5fd0a5c6c138088a)] -> id: Username]
2023-10-27 16:12:20.493 INFO  page.GlobalFunctions Enter the value abc123@gmail.com
2023-10-27 16:12:20.654 INFO  page.GlobalFunctions Taking screen shot....
2023-10-27 16:12:20.667 INFO  utility.ReadXml Key:srinivas@ value: null
2023-10-27 16:12:20.670 INFO  utility.ReadXml Key:srinivas@ value: null
2023-10-27 16:12:20.670 INFO  page.GlobalFunctions text value is  srinivas@
2023-10-27 16:12:20.710 INFO  page.GlobalFunctions Element is displayed [[ChromeDriver: chrome on windows (711fdb55c6a989bd5fd0a5c6c138088a)] -> id: outlined-adornment-password]
2023-10-27 16:12:20.748 INFO  page.GlobalFunctions Text in the field is cleard [[ChromeDriver: chrome on windows (711fdb55c6a989bd5fd0a5c6c138088a)] -> id: outlined-adornment-password]
2023-10-27 16:12:20.842 INFO  page.GlobalFunctions Enter the value srinivas@
2023-10-27 16:12:20.983 INFO  page.GlobalFunctions Taking screen shot....
2023-10-27 16:12:21.023 INFO  page.GlobalFunctions Element is displayed [[ChromeDriver: chrome on windows (711fdb55c6a989bd5fd0a5c6c138088a)] -> xpath: //button[text()='Login']]
2023-10-27 16:12:21.218 INFO  page.GlobalFunctions Taking screen shot....
2023-10-27 16:12:21.229 INFO  utility.ReadXml Key:login warning message value: Incorrect User Name or Password!
2023-10-27 16:12:21.229 INFO  page.GlobalFunctions text value is  Incorrect User Name or Password!
2023-10-27 16:12:21.245 INFO  page.GlobalFunctions wait for PT30S time of element [[ChromeDriver: chrome on windows (711fdb55c6a989bd5fd0a5c6c138088a)] -> xpath: //*[@class='MuiAlert-message css-1xsto0d']] attribute class to load
2023-10-27 16:12:44.948 INFO  page.GlobalFunctions actualText Incorrect User Name or Password! expectedText Incorrect User Name or Password!
2023-10-27 16:12:45.078 INFO  page.GlobalFunctions Taking screen shot....
2023-10-27 16:12:48.404 INFO  page.CommonPage launching Vender application
2023-10-27 16:12:48.543 INFO  page.GlobalFunctions Taking screen shot....
2023-10-27 16:12:48.553 INFO  utility.ReadXml Key:forgot password value: Forgot Password
2023-10-27 16:12:48.553 INFO  page.GlobalFunctions text value is  Forgot Password
2023-10-27 16:12:48.610 INFO  page.GlobalFunctions actualText Forgot Password expectedText Forgot Password
2023-10-27 16:12:48.760 INFO  page.GlobalFunctions Taking screen shot....
2023-10-27 16:12:48.768 INFO  utility.ReadXml Key:srinivas value: null
2023-10-27 16:12:48.770 INFO  utility.ReadXml Key:srinivas value: null
2023-10-27 16:12:48.770 INFO  page.GlobalFunctions text value is  srinivas
2023-10-27 16:12:48.805 INFO  page.GlobalFunctions Element is displayed [[ChromeDriver: chrome on windows (3d8cd3a862c25597f871dcc2527496e7)] -> id: Username]
2023-10-27 16:12:48.855 INFO  page.GlobalFunctions Text in the field is cleard [[ChromeDriver: chrome on windows (3d8cd3a862c25597f871dcc2527496e7)] -> id: Username]
2023-10-27 16:12:48.964 INFO  page.GlobalFunctions Enter the value srinivas
2023-10-27 16:12:49.143 INFO  page.GlobalFunctions Taking screen shot....
2023-10-27 16:12:49.152 INFO  utility.ReadXml Key:srinivas@ value: null
2023-10-27 16:12:49.154 INFO  utility.ReadXml Key:srinivas@ value: null
2023-10-27 16:12:49.154 INFO  page.GlobalFunctions text value is  srinivas@
2023-10-27 16:12:49.189 INFO  page.GlobalFunctions Element is displayed [[ChromeDriver: chrome on windows (3d8cd3a862c25597f871dcc2527496e7)] -> id: outlined-adornment-password]
2023-10-27 16:12:49.230 INFO  page.GlobalFunctions Text in the field is cleard [[ChromeDriver: chrome on windows (3d8cd3a862c25597f871dcc2527496e7)] -> id: outlined-adornment-password]
2023-10-27 16:12:49.333 INFO  page.GlobalFunctions Enter the value srinivas@
2023-10-27 16:12:49.474 INFO  page.GlobalFunctions Taking screen shot....
2023-10-27 16:12:49.556 INFO  page.GlobalFunctions Element is displayed [[ChromeDriver: chrome on windows (3d8cd3a862c25597f871dcc2527496e7)] -> xpath: //button[text()='Login']]
2023-10-27 16:12:49.771 INFO  page.GlobalFunctions Taking screen shot....
2023-10-27 16:12:49.781 INFO  utility.ReadXml Key:login warning message value: Incorrect User Name or Password!
2023-10-27 16:12:49.781 INFO  page.GlobalFunctions text value is  Incorrect User Name or Password!
2023-10-27 16:12:49.799 INFO  page.GlobalFunctions wait for PT30S time of element [[ChromeDriver: chrome on windows (3d8cd3a862c25597f871dcc2527496e7)] -> xpath: //*[@class='MuiAlert-message css-1xsto0d']] attribute class to load
2023-10-27 16:25:23.078 INFO  page.CommonPage launching Vender application
2023-10-27 16:25:23.214 INFO  page.GlobalFunctions Taking screen shot....
2023-10-27 16:25:23.236 INFO  utility.ReadXml Key:forgot password value: Forgot Password
2023-10-27 16:25:23.237 INFO  page.GlobalFunctions text value is  Forgot Password
2023-10-27 16:25:23.541 INFO  page.GlobalFunctions actualText Forgot Password expectedText Forgot Password
2023-10-27 16:25:23.644 INFO  page.GlobalFunctions Taking screen shot....
2023-10-27 16:25:23.655 INFO  utility.ReadXml Key:abc123@gmail.com value: null
2023-10-27 16:25:23.658 INFO  utility.ReadXml Key:abc123@gmail.com value: null
2023-10-27 16:25:23.658 INFO  page.GlobalFunctions text value is  abc123@gmail.com
2023-10-27 16:25:23.701 INFO  page.GlobalFunctions Element is displayed [[ChromeDriver: chrome on windows (7747cb137228a52134def75ccf40dc19)] -> id: Username]
2023-10-27 16:25:23.748 INFO  page.GlobalFunctions Text in the field is cleard [[ChromeDriver: chrome on windows (7747cb137228a52134def75ccf40dc19)] -> id: Username]
2023-10-27 16:25:23.870 INFO  page.GlobalFunctions Enter the value abc123@gmail.com
2023-10-27 16:25:24.017 INFO  page.GlobalFunctions Taking screen shot....
2023-10-27 16:25:24.034 INFO  utility.ReadXml Key:srinivas@ value: null
2023-10-27 16:25:24.036 INFO  utility.ReadXml Key:srinivas@ value: null
2023-10-27 16:25:24.036 INFO  page.GlobalFunctions text value is  srinivas@
2023-10-27 16:25:24.078 INFO  page.GlobalFunctions Element is displayed [[ChromeDriver: chrome on windows (7747cb137228a52134def75ccf40dc19)] -> id: outlined-adornment-password]
2023-10-27 16:25:24.114 INFO  page.GlobalFunctions Text in the field is cleard [[ChromeDriver: chrome on windows (7747cb137228a52134def75ccf40dc19)] -> id: outlined-adornment-password]
2023-10-27 16:25:24.204 INFO  page.GlobalFunctions Enter the value srinivas@
2023-10-27 16:25:24.357 INFO  page.GlobalFunctions Taking screen shot....
2023-10-27 16:25:24.397 INFO  page.GlobalFunctions Element is displayed [[ChromeDriver: chrome on windows (7747cb137228a52134def75ccf40dc19)] -> xpath: //button[text()='Login']]
2023-10-27 16:25:24.592 INFO  page.GlobalFunctions Taking screen shot....
2023-10-27 16:25:24.602 INFO  utility.ReadXml Key:login warning message value: Incorrect User Name or Password!
2023-10-27 16:25:24.602 INFO  page.GlobalFunctions text value is  Incorrect User Name or Password!
2023-10-27 16:25:24.618 INFO  page.GlobalFunctions wait for PT30S time of element [[ChromeDriver: chrome on windows (7747cb137228a52134def75ccf40dc19)] -> xpath: //*[@class='MuiSvgIcon-root MuiSvgIcon-fontSizeInherit css-1cw4hi4']] attribute data-testid to load
2023-10-27 16:25:24.672 INFO  page.GlobalFunctions actualText  expectedText Incorrect User Name or Password!
2023-10-27 16:25:24.817 INFO  page.GlobalFunctions Taking screen shot....
2023-10-27 16:26:38.744 INFO  page.CommonPage launching Vender application
2023-10-27 16:26:38.900 INFO  page.GlobalFunctions Taking screen shot....
2023-10-27 16:26:38.919 INFO  utility.ReadXml Key:forgot password value: Forgot Password
2023-10-27 16:26:38.919 INFO  page.GlobalFunctions text value is  Forgot Password
2023-10-27 16:26:40.451 INFO  page.GlobalFunctions actualText Forgot Password expectedText Forgot Password
2023-10-27 16:26:40.564 INFO  page.GlobalFunctions Taking screen shot....
2023-10-27 16:26:40.575 INFO  utility.ReadXml Key:abc123@gmail.com value: null
2023-10-27 16:26:40.577 INFO  utility.ReadXml Key:abc123@gmail.com value: null
2023-10-27 16:26:40.577 INFO  page.GlobalFunctions text value is  abc123@gmail.com
2023-10-27 16:26:40.625 INFO  page.GlobalFunctions Element is displayed [[ChromeDriver: chrome on windows (5f2e2b486265b9b5b35ae9770d948c57)] -> id: Username]
2023-10-27 16:26:40.679 INFO  page.GlobalFunctions Text in the field is cleard [[ChromeDriver: chrome on windows (5f2e2b486265b9b5b35ae9770d948c57)] -> id: Username]
2023-10-27 16:26:40.816 INFO  page.GlobalFunctions Enter the value abc123@gmail.com
2023-10-27 16:26:40.957 INFO  page.GlobalFunctions Taking screen shot....
2023-10-27 16:26:40.969 INFO  utility.ReadXml Key:srinivas@ value: null
2023-10-27 16:26:40.971 INFO  utility.ReadXml Key:srinivas@ value: null
2023-10-27 16:26:40.972 INFO  page.GlobalFunctions text value is  srinivas@
2023-10-27 16:26:41.008 INFO  page.GlobalFunctions Element is displayed [[ChromeDriver: chrome on windows (5f2e2b486265b9b5b35ae9770d948c57)] -> id: outlined-adornment-password]
2023-10-27 16:26:41.045 INFO  page.GlobalFunctions Text in the field is cleard [[ChromeDriver: chrome on windows (5f2e2b486265b9b5b35ae9770d948c57)] -> id: outlined-adornment-password]
2023-10-27 16:26:41.137 INFO  page.GlobalFunctions Enter the value srinivas@
2023-10-27 16:26:41.270 INFO  page.GlobalFunctions Taking screen shot....
2023-10-27 16:26:41.317 INFO  page.GlobalFunctions Element is displayed [[ChromeDriver: chrome on windows (5f2e2b486265b9b5b35ae9770d948c57)] -> xpath: //button[text()='Login']]
2023-10-27 16:26:41.477 INFO  page.GlobalFunctions Taking screen shot....
2023-10-27 16:26:41.488 INFO  utility.ReadXml Key:login warning message value: Incorrect User Name or Password!
2023-10-27 16:26:41.488 INFO  page.GlobalFunctions text value is  Incorrect User Name or Password!
2023-10-27 16:26:41.506 INFO  page.GlobalFunctions wait for PT1M time of element [[ChromeDriver: chrome on windows (5f2e2b486265b9b5b35ae9770d948c57)] -> xpath: //*[@class='MuiSvgIcon-root MuiSvgIcon-fontSizeInherit css-1cw4hi4']] attribute data-testid to load
2023-10-27 16:26:41.570 INFO  page.GlobalFunctions actualText  expectedText Incorrect User Name or Password!
2023-10-27 16:26:41.739 INFO  page.GlobalFunctions Taking screen shot....
2023-10-27 16:29:44.130 INFO  page.CommonPage launching Vender application
2023-10-27 16:29:44.276 INFO  page.GlobalFunctions Taking screen shot....
2023-10-27 16:29:44.296 INFO  utility.ReadXml Key:forgot password value: Forgot Password
2023-10-27 16:29:44.297 INFO  page.GlobalFunctions text value is  Forgot Password
2023-10-27 16:29:44.485 INFO  page.GlobalFunctions actualText Forgot Password expectedText Forgot Password
2023-10-27 16:29:44.638 INFO  page.GlobalFunctions Taking screen shot....
2023-10-27 16:29:44.649 INFO  utility.ReadXml Key:abc123@gmail.com value: null
2023-10-27 16:29:44.652 INFO  utility.ReadXml Key:abc123@gmail.com value: null
2023-10-27 16:29:44.652 INFO  page.GlobalFunctions text value is  abc123@gmail.com
2023-10-27 16:29:44.696 INFO  page.GlobalFunctions Element is displayed [[ChromeDriver: chrome on windows (32a5af219d488ede9351633ef8a21f17)] -> id: Username]
2023-10-27 16:29:44.742 INFO  page.GlobalFunctions Text in the field is cleard [[ChromeDriver: chrome on windows (32a5af219d488ede9351633ef8a21f17)] -> id: Username]
2023-10-27 16:29:44.874 INFO  page.GlobalFunctions Enter the value abc123@gmail.com
2023-10-27 16:29:45.002 INFO  page.GlobalFunctions Taking screen shot....
2023-10-27 16:29:45.012 INFO  utility.ReadXml Key:srinivas@ value: null
2023-10-27 16:29:45.015 INFO  utility.ReadXml Key:srinivas@ value: null
2023-10-27 16:29:45.015 INFO  page.GlobalFunctions text value is  srinivas@
2023-10-27 16:29:45.053 INFO  page.GlobalFunctions Element is displayed [[ChromeDriver: chrome on windows (32a5af219d488ede9351633ef8a21f17)] -> id: outlined-adornment-password]
2023-10-27 16:29:45.091 INFO  page.GlobalFunctions Text in the field is cleard [[ChromeDriver: chrome on windows (32a5af219d488ede9351633ef8a21f17)] -> id: outlined-adornment-password]
2023-10-27 16:29:45.181 INFO  page.GlobalFunctions Enter the value srinivas@
2023-10-27 16:29:45.312 INFO  page.GlobalFunctions Taking screen shot....
2023-10-27 16:29:45.353 INFO  page.GlobalFunctions Element is displayed [[ChromeDriver: chrome on windows (32a5af219d488ede9351633ef8a21f17)] -> xpath: //button[text()='Login']]
2023-10-27 16:29:45.535 INFO  page.GlobalFunctions Taking screen shot....
2023-10-27 16:29:45.546 INFO  utility.ReadXml Key:login warning message value: Incorrect User Name or Password!
2023-10-27 16:29:45.546 INFO  page.GlobalFunctions text value is  Incorrect User Name or Password!
2023-10-27 16:29:45.563 INFO  page.GlobalFunctions wait for PT1M time of element [[ChromeDriver: chrome on windows (32a5af219d488ede9351633ef8a21f17)] -> xpath: //*[@class='MuiSvgIcon-root MuiSvgIcon-fontSizeInherit css-1cw4hi4']] attribute data-testid to load
2023-10-27 16:29:45.624 INFO  page.GlobalFunctions actualText  expectedText Incorrect User Name or Password!
2023-10-27 16:29:45.763 INFO  page.GlobalFunctions Taking screen shot....
2023-10-27 16:30:43.322 INFO  page.CommonPage launching Vender application
2023-10-27 16:30:43.481 INFO  page.GlobalFunctions Taking screen shot....
2023-10-27 16:30:43.506 INFO  utility.ReadXml Key:forgot password value: Forgot Password
2023-10-27 16:30:43.506 INFO  page.GlobalFunctions text value is  Forgot Password
2023-10-27 16:30:43.547 INFO  page.GlobalFunctions actualText Forgot Password expectedText Forgot Password
2023-10-27 16:30:43.741 INFO  page.GlobalFunctions Taking screen shot....
2023-10-27 16:30:43.757 INFO  utility.ReadXml Key:abc123@gmail.com value: null
2023-10-27 16:30:43.760 INFO  utility.ReadXml Key:abc123@gmail.com value: null
2023-10-27 16:30:43.760 INFO  page.GlobalFunctions text value is  abc123@gmail.com
2023-10-27 16:30:43.801 INFO  page.GlobalFunctions Element is displayed [[ChromeDriver: chrome on windows (d142b977cde7d418c94aca983f211689)] -> id: Username]
2023-10-27 16:30:43.845 INFO  page.GlobalFunctions Text in the field is cleard [[ChromeDriver: chrome on windows (d142b977cde7d418c94aca983f211689)] -> id: Username]
2023-10-27 16:30:43.976 INFO  page.GlobalFunctions Enter the value abc123@gmail.com
2023-10-27 16:30:44.130 INFO  page.GlobalFunctions Taking screen shot....
2023-10-27 16:30:44.142 INFO  utility.ReadXml Key:srinivas@ value: null
2023-10-27 16:30:44.145 INFO  utility.ReadXml Key:srinivas@ value: null
2023-10-27 16:30:44.145 INFO  page.GlobalFunctions text value is  srinivas@
2023-10-27 16:30:44.179 INFO  page.GlobalFunctions Element is displayed [[ChromeDriver: chrome on windows (d142b977cde7d418c94aca983f211689)] -> id: outlined-adornment-password]
2023-10-27 16:30:44.212 INFO  page.GlobalFunctions Text in the field is cleard [[ChromeDriver: chrome on windows (d142b977cde7d418c94aca983f211689)] -> id: outlined-adornment-password]
2023-10-27 16:30:44.300 INFO  page.GlobalFunctions Enter the value srinivas@
2023-10-27 16:30:44.419 INFO  page.GlobalFunctions Taking screen shot....
2023-10-27 16:30:44.459 INFO  page.GlobalFunctions Element is displayed [[ChromeDriver: chrome on windows (d142b977cde7d418c94aca983f211689)] -> xpath: //button[text()='Login']]
2023-10-27 16:30:44.651 INFO  page.GlobalFunctions Taking screen shot....
2023-10-27 16:30:44.661 INFO  utility.ReadXml Key:login warning message value: Incorrect User Name or Password!
2023-10-27 16:30:44.661 INFO  page.GlobalFunctions text value is  Incorrect User Name or Password!
2023-10-27 16:30:44.679 INFO  page.GlobalFunctions wait for PT1M time of element [[ChromeDriver: chrome on windows (d142b977cde7d418c94aca983f211689)] -> xpath: //*[@class='MuiSvgIcon-root MuiSvgIcon-fontSizeInherit css-1cw4hi4']] attribute data-testid to load
2023-10-27 16:30:45.056 INFO  page.GlobalFunctions actualText Incorrect User Name or Password! expectedText Incorrect User Name or Password!
2023-10-27 16:30:45.199 INFO  page.GlobalFunctions Taking screen shot....
2023-10-27 16:31:12.346 INFO  page.CommonPage launching Vender application
2023-10-27 16:31:12.616 INFO  page.GlobalFunctions Taking screen shot....
2023-10-27 16:31:12.640 INFO  utility.ReadXml Key:forgot password value: Forgot Password
2023-10-27 16:31:12.641 INFO  page.GlobalFunctions text value is  Forgot Password
2023-10-27 16:31:12.677 INFO  page.GlobalFunctions actualText Forgot Password expectedText Forgot Password
2023-10-27 16:31:12.793 INFO  page.GlobalFunctions Taking screen shot....
2023-10-27 16:31:12.807 INFO  utility.ReadXml Key:abc123@gmail.com value: null
2023-10-27 16:31:12.809 INFO  utility.ReadXml Key:abc123@gmail.com value: null
2023-10-27 16:31:12.809 INFO  page.GlobalFunctions text value is  abc123@gmail.com
2023-10-27 16:31:12.850 INFO  page.GlobalFunctions Element is displayed [[ChromeDriver: chrome on windows (77fa6ed1ff9d41a55e98c97dc6843ed1)] -> id: Username]
2023-10-27 16:31:12.893 INFO  page.GlobalFunctions Text in the field is cleard [[ChromeDriver: chrome on windows (77fa6ed1ff9d41a55e98c97dc6843ed1)] -> id: Username]
2023-10-27 16:31:13.024 INFO  page.GlobalFunctions Enter the value abc123@gmail.com
2023-10-27 16:31:13.166 INFO  page.GlobalFunctions Taking screen shot....
2023-10-27 16:31:13.188 INFO  utility.ReadXml Key:srinivas@ value: null
2023-10-27 16:31:13.191 INFO  utility.ReadXml Key:srinivas@ value: null
2023-10-27 16:31:13.191 INFO  page.GlobalFunctions text value is  srinivas@
2023-10-27 16:31:13.243 INFO  page.GlobalFunctions Element is displayed [[ChromeDriver: chrome on windows (77fa6ed1ff9d41a55e98c97dc6843ed1)] -> id: outlined-adornment-password]
2023-10-27 16:31:13.277 INFO  page.GlobalFunctions Text in the field is cleard [[ChromeDriver: chrome on windows (77fa6ed1ff9d41a55e98c97dc6843ed1)] -> id: outlined-adornment-password]
2023-10-27 16:31:13.366 INFO  page.GlobalFunctions Enter the value srinivas@
2023-10-27 16:31:13.495 INFO  page.GlobalFunctions Taking screen shot....
2023-10-27 16:31:13.534 INFO  page.GlobalFunctions Element is displayed [[ChromeDriver: chrome on windows (77fa6ed1ff9d41a55e98c97dc6843ed1)] -> xpath: //button[text()='Login']]
2023-10-27 16:31:13.733 INFO  page.GlobalFunctions Taking screen shot....
2023-10-27 16:31:13.743 INFO  utility.ReadXml Key:login warning message value: Incorrect User Name or Password!
2023-10-27 16:31:13.744 INFO  page.GlobalFunctions text value is  Incorrect User Name or Password!
2023-10-27 16:31:13.761 INFO  page.GlobalFunctions wait for PT1M time of element [[ChromeDriver: chrome on windows (77fa6ed1ff9d41a55e98c97dc6843ed1)] -> xpath: //*[@class='MuiSvgIcon-root MuiSvgIcon-fontSizeInherit css-1cw4hi4']] attribute data-testid to load
2023-10-27 16:31:14.126 INFO  page.GlobalFunctions actualText Incorrect User Name or Password! expectedText Incorrect User Name or Password!
2023-10-27 16:31:14.253 INFO  page.GlobalFunctions Taking screen shot....
2023-10-27 16:31:17.721 INFO  page.CommonPage launching Vender application
2023-10-27 16:31:17.856 INFO  page.GlobalFunctions Taking screen shot....
2023-10-27 16:31:17.864 INFO  utility.ReadXml Key:forgot password value: Forgot Password
2023-10-27 16:31:17.864 INFO  page.GlobalFunctions text value is  Forgot Password
2023-10-27 16:31:17.915 INFO  page.GlobalFunctions actualText Forgot Password expectedText Forgot Password
2023-10-27 16:31:18.069 INFO  page.GlobalFunctions Taking screen shot....
2023-10-27 16:31:18.077 INFO  utility.ReadXml Key:srinivas value: null
2023-10-27 16:31:18.079 INFO  utility.ReadXml Key:srinivas value: null
2023-10-27 16:31:18.079 INFO  page.GlobalFunctions text value is  srinivas
2023-10-27 16:31:18.111 INFO  page.GlobalFunctions Element is displayed [[ChromeDriver: chrome on windows (966805bfdff30202924187e8a7f6a67b)] -> id: Username]
2023-10-27 16:31:18.151 INFO  page.GlobalFunctions Text in the field is cleard [[ChromeDriver: chrome on windows (966805bfdff30202924187e8a7f6a67b)] -> id: Username]
2023-10-27 16:31:18.242 INFO  page.GlobalFunctions Enter the value srinivas
2023-10-27 16:31:18.376 INFO  page.GlobalFunctions Taking screen shot....
2023-10-27 16:31:18.383 INFO  utility.ReadXml Key:srinivas@ value: null
2023-10-27 16:31:18.385 INFO  utility.ReadXml Key:srinivas@ value: null
2023-10-27 16:31:18.385 INFO  page.GlobalFunctions text value is  srinivas@
2023-10-27 16:31:18.417 INFO  page.GlobalFunctions Element is displayed [[ChromeDriver: chrome on windows (966805bfdff30202924187e8a7f6a67b)] -> id: outlined-adornment-password]
2023-10-27 16:31:18.451 INFO  page.GlobalFunctions Text in the field is cleard [[ChromeDriver: chrome on windows (966805bfdff30202924187e8a7f6a67b)] -> id: outlined-adornment-password]
2023-10-27 16:31:18.530 INFO  page.GlobalFunctions Enter the value srinivas@
2023-10-27 16:31:18.637 INFO  page.GlobalFunctions Taking screen shot....
2023-10-27 16:31:18.675 INFO  page.GlobalFunctions Element is displayed [[ChromeDriver: chrome on windows (966805bfdff30202924187e8a7f6a67b)] -> xpath: //button[text()='Login']]
2023-10-27 16:31:18.843 INFO  page.GlobalFunctions Taking screen shot....
2023-10-27 16:31:18.853 INFO  utility.ReadXml Key:login warning message value: Incorrect User Name or Password!
2023-10-27 16:31:18.853 INFO  page.GlobalFunctions text value is  Incorrect User Name or Password!
2023-10-27 16:31:18.868 INFO  page.GlobalFunctions wait for PT1M time of element [[ChromeDriver: chrome on windows (966805bfdff30202924187e8a7f6a67b)] -> xpath: //*[@class='MuiSvgIcon-root MuiSvgIcon-fontSizeInherit css-1cw4hi4']] attribute data-testid to load
2023-10-27 16:31:19.236 INFO  page.GlobalFunctions actualText Incorrect User Name or Password! expectedText Incorrect User Name or Password!
2023-10-27 16:31:19.386 INFO  page.GlobalFunctions Taking screen shot....
2023-10-27 16:31:23.237 INFO  page.CommonPage launching Vender application
2023-10-27 16:31:23.357 INFO  page.GlobalFunctions Taking screen shot....
2023-10-27 16:31:23.364 INFO  utility.ReadXml Key:forgot password value: Forgot Password
2023-10-27 16:31:23.364 INFO  page.GlobalFunctions text value is  Forgot Password
2023-10-27 16:31:23.722 INFO  page.GlobalFunctions actualText Forgot Password expectedText Forgot Password
2023-10-27 16:31:23.830 INFO  page.GlobalFunctions Taking screen shot....
2023-10-27 16:31:23.839 INFO  utility.ReadXml Key:srinivas@neviton value: null
2023-10-27 16:31:23.840 INFO  utility.ReadXml Key:srinivas@neviton value: null
2023-10-27 16:31:23.841 INFO  page.GlobalFunctions text value is  srinivas@neviton
2023-10-27 16:31:23.874 INFO  page.GlobalFunctions Element is displayed [[ChromeDriver: chrome on windows (f130f402c3345bbe4cd454d2d6ab2be4)] -> id: Username]
2023-10-27 16:31:23.914 INFO  page.GlobalFunctions Text in the field is cleard [[ChromeDriver: chrome on windows (f130f402c3345bbe4cd454d2d6ab2be4)] -> id: Username]
2023-10-27 16:31:24.043 INFO  page.GlobalFunctions Enter the value srinivas@neviton
2023-10-27 16:31:24.196 INFO  page.GlobalFunctions Taking screen shot....
2023-10-27 16:31:24.205 INFO  utility.ReadXml Key:srinivas@ value: null
2023-10-27 16:31:24.207 INFO  utility.ReadXml Key:srinivas@ value: null
2023-10-27 16:31:24.207 INFO  page.GlobalFunctions text value is  srinivas@
2023-10-27 16:31:24.236 INFO  page.GlobalFunctions Element is displayed [[ChromeDriver: chrome on windows (f130f402c3345bbe4cd454d2d6ab2be4)] -> id: outlined-adornment-password]
2023-10-27 16:31:24.272 INFO  page.GlobalFunctions Text in the field is cleard [[ChromeDriver: chrome on windows (f130f402c3345bbe4cd454d2d6ab2be4)] -> id: outlined-adornment-password]
2023-10-27 16:31:24.358 INFO  page.GlobalFunctions Enter the value srinivas@
2023-10-27 16:31:24.493 INFO  page.GlobalFunctions Taking screen shot....
2023-10-27 16:31:24.534 INFO  page.GlobalFunctions Element is displayed [[ChromeDriver: chrome on windows (f130f402c3345bbe4cd454d2d6ab2be4)] -> xpath: //button[text()='Login']]
2023-10-27 16:31:24.718 INFO  page.GlobalFunctions Taking screen shot....
2023-10-27 16:31:24.727 INFO  utility.ReadXml Key:login warning message value: Incorrect User Name or Password!
2023-10-27 16:31:24.727 INFO  page.GlobalFunctions text value is  Incorrect User Name or Password!
2023-10-27 16:31:24.743 INFO  page.GlobalFunctions wait for PT1M time of element [[ChromeDriver: chrome on windows (f130f402c3345bbe4cd454d2d6ab2be4)] -> xpath: //*[@class='MuiSvgIcon-root MuiSvgIcon-fontSizeInherit css-1cw4hi4']] attribute data-testid to load
2023-10-27 16:31:25.090 INFO  page.GlobalFunctions actualText  expectedText Incorrect User Name or Password!
2023-10-27 16:31:25.221 INFO  page.GlobalFunctions Taking screen shot....
2023-10-27 16:31:28.957 INFO  page.CommonPage launching Vender application
2023-10-27 16:31:29.098 INFO  page.GlobalFunctions Taking screen shot....
2023-10-27 16:31:29.106 INFO  utility.ReadXml Key:forgot password value: Forgot Password
2023-10-27 16:31:29.106 INFO  page.GlobalFunctions text value is  Forgot Password
2023-10-27 16:31:29.157 INFO  page.GlobalFunctions actualText Forgot Password expectedText Forgot Password
2023-10-27 16:31:29.327 INFO  page.GlobalFunctions Taking screen shot....
2023-10-27 16:31:29.335 INFO  utility.ReadXml Key:srinivas@ value: null
2023-10-27 16:31:29.336 INFO  utility.ReadXml Key:srinivas@ value: null
2023-10-27 16:31:29.336 INFO  page.GlobalFunctions text value is  srinivas@
2023-10-27 16:31:29.366 INFO  page.GlobalFunctions Element is displayed [[ChromeDriver: chrome on windows (2d7fb72ec31060ee82a1c5c697c61983)] -> id: Username]
2023-10-27 16:31:29.404 INFO  page.GlobalFunctions Text in the field is cleard [[ChromeDriver: chrome on windows (2d7fb72ec31060ee82a1c5c697c61983)] -> id: Username]
2023-10-27 16:31:29.498 INFO  page.GlobalFunctions Enter the value srinivas@
2023-10-27 16:31:29.612 INFO  page.GlobalFunctions Taking screen shot....
2023-10-27 16:31:29.621 INFO  utility.ReadXml Key:srinivas@ value: null
2023-10-27 16:31:29.622 INFO  utility.ReadXml Key:srinivas@ value: null
2023-10-27 16:31:29.622 INFO  page.GlobalFunctions text value is  srinivas@
2023-10-27 16:31:29.650 INFO  page.GlobalFunctions Element is displayed [[ChromeDriver: chrome on windows (2d7fb72ec31060ee82a1c5c697c61983)] -> id: outlined-adornment-password]
2023-10-27 16:31:29.684 INFO  page.GlobalFunctions Text in the field is cleard [[ChromeDriver: chrome on windows (2d7fb72ec31060ee82a1c5c697c61983)] -> id: outlined-adornment-password]
2023-10-27 16:31:29.768 INFO  page.GlobalFunctions Enter the value srinivas@
2023-10-27 16:31:29.896 INFO  page.GlobalFunctions Taking screen shot....
2023-10-27 16:31:29.931 INFO  page.GlobalFunctions Element is displayed [[ChromeDriver: chrome on windows (2d7fb72ec31060ee82a1c5c697c61983)] -> xpath: //button[text()='Login']]
2023-10-27 16:31:30.096 INFO  page.GlobalFunctions Taking screen shot....
2023-10-27 16:31:30.105 INFO  utility.ReadXml Key:login warning message value: Incorrect User Name or Password!
2023-10-27 16:31:30.106 INFO  page.GlobalFunctions text value is  Incorrect User Name or Password!
2023-10-27 16:31:30.125 INFO  page.GlobalFunctions wait for PT1M time of element [[ChromeDriver: chrome on windows (2d7fb72ec31060ee82a1c5c697c61983)] -> xpath: //*[@class='MuiSvgIcon-root MuiSvgIcon-fontSizeInherit css-1cw4hi4']] attribute data-testid to load
2023-10-27 16:31:30.468 INFO  page.GlobalFunctions actualText Incorrect User Name or Password! expectedText Incorrect User Name or Password!
2023-10-27 16:31:30.608 INFO  page.GlobalFunctions Taking screen shot....
2023-10-27 16:31:33.830 INFO  page.CommonPage launching Vender application
2023-10-27 16:31:33.970 INFO  page.GlobalFunctions Taking screen shot....
2023-10-27 16:31:33.978 INFO  utility.ReadXml Key:forgot password value: Forgot Password
2023-10-27 16:31:33.978 INFO  page.GlobalFunctions text value is  Forgot Password
2023-10-27 16:31:34.026 INFO  page.GlobalFunctions actualText Forgot Password expectedText Forgot Password
2023-10-27 16:31:34.171 INFO  page.GlobalFunctions Taking screen shot....
2023-10-27 16:31:34.178 INFO  utility.ReadXml Key:srinivas@neviton.c value: null
2023-10-27 16:31:34.179 INFO  utility.ReadXml Key:srinivas@neviton.c value: null
2023-10-27 16:31:34.181 INFO  page.GlobalFunctions text value is  srinivas@neviton.c
2023-10-27 16:31:34.213 INFO  page.GlobalFunctions Element is displayed [[ChromeDriver: chrome on windows (da8566b6fa59915cb859573c1d8c9f47)] -> id: Username]
2023-10-27 16:31:34.252 INFO  page.GlobalFunctions Text in the field is cleard [[ChromeDriver: chrome on windows (da8566b6fa59915cb859573c1d8c9f47)] -> id: Username]
2023-10-27 16:31:34.381 INFO  page.GlobalFunctions Enter the value srinivas@neviton.c
2023-10-27 16:31:34.513 INFO  page.GlobalFunctions Taking screen shot....
2023-10-27 16:31:34.520 INFO  utility.ReadXml Key:srinivas@ value: null
2023-10-27 16:31:34.521 INFO  utility.ReadXml Key:srinivas@ value: null
2023-10-27 16:31:34.522 INFO  page.GlobalFunctions text value is  srinivas@
2023-10-27 16:31:34.552 INFO  page.GlobalFunctions Element is displayed [[ChromeDriver: chrome on windows (da8566b6fa59915cb859573c1d8c9f47)] -> id: outlined-adornment-password]
2023-10-27 16:31:34.584 INFO  page.GlobalFunctions Text in the field is cleard [[ChromeDriver: chrome on windows (da8566b6fa59915cb859573c1d8c9f47)] -> id: outlined-adornment-password]
2023-10-27 16:31:34.679 INFO  page.GlobalFunctions Enter the value srinivas@
2023-10-27 16:31:34.819 INFO  page.GlobalFunctions Taking screen shot....
2023-10-27 16:31:34.856 INFO  page.GlobalFunctions Element is displayed [[ChromeDriver: chrome on windows (da8566b6fa59915cb859573c1d8c9f47)] -> xpath: //button[text()='Login']]
2023-10-27 16:31:35.049 INFO  page.GlobalFunctions Taking screen shot....
2023-10-27 16:31:35.058 INFO  utility.ReadXml Key:login warning message value: Incorrect User Name or Password!
2023-10-27 16:31:35.058 INFO  page.GlobalFunctions text value is  Incorrect User Name or Password!
2023-10-27 16:31:35.080 INFO  page.GlobalFunctions wait for PT1M time of element [[ChromeDriver: chrome on windows (da8566b6fa59915cb859573c1d8c9f47)] -> xpath: //*[@class='MuiSvgIcon-root MuiSvgIcon-fontSizeInherit css-1cw4hi4']] attribute data-testid to load
2023-10-27 16:31:35.433 INFO  page.GlobalFunctions actualText Incorrect User Name or Password! expectedText Incorrect User Name or Password!
2023-10-27 16:31:35.569 INFO  page.GlobalFunctions Taking screen shot....
2023-10-27 16:32:02.023 INFO  page.CommonPage launching Vender application
2023-10-27 16:32:02.139 INFO  page.GlobalFunctions Taking screen shot....
2023-10-27 16:32:02.157 INFO  utility.ReadXml Key:forgot password value: Forgot Password
2023-10-27 16:32:02.157 INFO  page.GlobalFunctions text value is  Forgot Password
2023-10-27 16:32:02.675 INFO  page.GlobalFunctions actualText Forgot Password expectedText Forgot Password
2023-10-27 16:32:02.827 INFO  page.GlobalFunctions Taking screen shot....
2023-10-27 16:32:02.838 INFO  utility.ReadXml Key:abc123@gmail.com value: null
2023-10-27 16:32:02.840 INFO  utility.ReadXml Key:abc123@gmail.com value: null
2023-10-27 16:32:02.840 INFO  page.GlobalFunctions text value is  abc123@gmail.com
2023-10-27 16:32:02.889 INFO  page.GlobalFunctions Element is displayed [[ChromeDriver: chrome on windows (7200f06c0decb54b995afe97a18b34ae)] -> id: Username]
2023-10-27 16:32:02.932 INFO  page.GlobalFunctions Text in the field is cleard [[ChromeDriver: chrome on windows (7200f06c0decb54b995afe97a18b34ae)] -> id: Username]
2023-10-27 16:32:03.066 INFO  page.GlobalFunctions Enter the value abc123@gmail.com
2023-10-27 16:32:03.213 INFO  page.GlobalFunctions Taking screen shot....
2023-10-27 16:32:03.227 INFO  utility.ReadXml Key:srinivas@ value: null
2023-10-27 16:32:03.230 INFO  utility.ReadXml Key:srinivas@ value: null
2023-10-27 16:32:03.230 INFO  page.GlobalFunctions text value is  srinivas@
2023-10-27 16:32:03.270 INFO  page.GlobalFunctions Element is displayed [[ChromeDriver: chrome on windows (7200f06c0decb54b995afe97a18b34ae)] -> id: outlined-adornment-password]
2023-10-27 16:32:03.304 INFO  page.GlobalFunctions Text in the field is cleard [[ChromeDriver: chrome on windows (7200f06c0decb54b995afe97a18b34ae)] -> id: outlined-adornment-password]
2023-10-27 16:32:03.393 INFO  page.GlobalFunctions Enter the value srinivas@
2023-10-27 16:32:03.526 INFO  page.GlobalFunctions Taking screen shot....
2023-10-27 16:32:03.566 INFO  page.GlobalFunctions Element is displayed [[ChromeDriver: chrome on windows (7200f06c0decb54b995afe97a18b34ae)] -> xpath: //button[text()='Login']]
2023-10-27 16:32:03.755 INFO  page.GlobalFunctions Taking screen shot....
2023-10-27 16:32:03.766 INFO  utility.ReadXml Key:login warning message value: Incorrect User Name or Password!
2023-10-27 16:32:03.766 INFO  page.GlobalFunctions text value is  Incorrect User Name or Password!
2023-10-27 16:32:03.783 INFO  page.GlobalFunctions wait for PT1M time of element [[ChromeDriver: chrome on windows (7200f06c0decb54b995afe97a18b34ae)] -> xpath: //*[@class='MuiSvgIcon-root MuiSvgIcon-fontSizeInherit css-1cw4hi4']] attribute data-testid to load
2023-10-27 16:32:04.365 INFO  page.GlobalFunctions actualText  expectedText Incorrect User Name or Password!
2023-10-27 16:32:04.504 INFO  page.GlobalFunctions Taking screen shot....
2023-10-27 16:32:08.521 INFO  page.CommonPage launching Vender application
2023-10-27 16:32:08.645 INFO  page.GlobalFunctions Taking screen shot....
2023-10-27 16:32:08.652 INFO  utility.ReadXml Key:forgot password value: Forgot Password
2023-10-27 16:32:08.652 INFO  page.GlobalFunctions text value is  Forgot Password
2023-10-27 16:32:10.116 INFO  page.GlobalFunctions actualText Forgot Password expectedText Forgot Password
2023-10-27 16:32:10.236 INFO  page.GlobalFunctions Taking screen shot....
2023-10-27 16:32:10.245 INFO  utility.ReadXml Key:srinivas value: null
2023-10-27 16:32:10.247 INFO  utility.ReadXml Key:srinivas value: null
2023-10-27 16:32:10.247 INFO  page.GlobalFunctions text value is  srinivas
2023-10-27 16:32:10.278 INFO  page.GlobalFunctions Element is displayed [[ChromeDriver: chrome on windows (0b123bdec191f98cbc5252a631abd159)] -> id: Username]
2023-10-27 16:32:10.321 INFO  page.GlobalFunctions Text in the field is cleard [[ChromeDriver: chrome on windows (0b123bdec191f98cbc5252a631abd159)] -> id: Username]
2023-10-27 16:32:10.415 INFO  page.GlobalFunctions Enter the value srinivas
2023-10-27 16:32:10.526 INFO  page.GlobalFunctions Taking screen shot....
2023-10-27 16:32:10.534 INFO  utility.ReadXml Key:srinivas@ value: null
2023-10-27 16:32:10.536 INFO  utility.ReadXml Key:srinivas@ value: null
2023-10-27 16:32:10.536 INFO  page.GlobalFunctions text value is  srinivas@
2023-10-27 16:32:10.575 INFO  page.GlobalFunctions Element is displayed [[ChromeDriver: chrome on windows (0b123bdec191f98cbc5252a631abd159)] -> id: outlined-adornment-password]
2023-10-27 16:32:10.625 INFO  page.GlobalFunctions Text in the field is cleard [[ChromeDriver: chrome on windows (0b123bdec191f98cbc5252a631abd159)] -> id: outlined-adornment-password]
2023-10-27 16:32:10.714 INFO  page.GlobalFunctions Enter the value srinivas@
2023-10-27 16:32:10.803 INFO  page.GlobalFunctions Taking screen shot....
2023-10-27 16:32:10.841 INFO  page.GlobalFunctions Element is displayed [[ChromeDriver: chrome on windows (0b123bdec191f98cbc5252a631abd159)] -> xpath: //button[text()='Login']]
2023-10-27 16:32:11.043 INFO  page.GlobalFunctions Taking screen shot....
2023-10-27 16:32:11.053 INFO  utility.ReadXml Key:login warning message value: Incorrect User Name or Password!
2023-10-27 16:32:11.053 INFO  page.GlobalFunctions text value is  Incorrect User Name or Password!
2023-10-27 16:32:11.066 INFO  page.GlobalFunctions wait for PT1M time of element [[ChromeDriver: chrome on windows (0b123bdec191f98cbc5252a631abd159)] -> xpath: //*[@class='MuiSvgIcon-root MuiSvgIcon-fontSizeInherit css-1cw4hi4']] attribute data-testid to load
2023-10-27 16:32:11.620 INFO  page.GlobalFunctions actualText Incorrect User Name or Password! expectedText Incorrect User Name or Password!
2023-10-27 16:32:11.777 INFO  page.GlobalFunctions Taking screen shot....
2023-10-27 16:32:14.854 INFO  page.CommonPage launching Vender application
2023-10-27 16:32:14.982 INFO  page.GlobalFunctions Taking screen shot....
2023-10-27 16:32:14.990 INFO  utility.ReadXml Key:forgot password value: Forgot Password
2023-10-27 16:32:14.990 INFO  page.GlobalFunctions text value is  Forgot Password
2023-10-27 16:32:15.110 INFO  page.GlobalFunctions actualText Forgot Password expectedText Forgot Password
2023-10-27 16:32:15.291 INFO  page.GlobalFunctions Taking screen shot....
2023-10-27 16:32:15.303 INFO  utility.ReadXml Key:srinivas@neviton value: null
2023-10-27 16:32:15.305 INFO  utility.ReadXml Key:srinivas@neviton value: null
2023-10-27 16:32:15.305 INFO  page.GlobalFunctions text value is  srinivas@neviton
2023-10-27 16:32:15.340 INFO  page.GlobalFunctions Element is displayed [[ChromeDriver: chrome on windows (c8815d6cf3fa536f16746348c488cb91)] -> id: Username]
2023-10-27 16:32:15.381 INFO  page.GlobalFunctions Text in the field is cleard [[ChromeDriver: chrome on windows (c8815d6cf3fa536f16746348c488cb91)] -> id: Username]
2023-10-27 16:32:15.510 INFO  page.GlobalFunctions Enter the value srinivas@neviton
2023-10-27 16:32:15.631 INFO  page.GlobalFunctions Taking screen shot....
2023-10-27 16:32:15.640 INFO  utility.ReadXml Key:srinivas@ value: null
2023-10-27 16:32:15.642 INFO  utility.ReadXml Key:srinivas@ value: null
2023-10-27 16:32:15.642 INFO  page.GlobalFunctions text value is  srinivas@
2023-10-27 16:32:15.677 INFO  page.GlobalFunctions Element is displayed [[ChromeDriver: chrome on windows (c8815d6cf3fa536f16746348c488cb91)] -> id: outlined-adornment-password]
2023-10-27 16:32:15.708 INFO  page.GlobalFunctions Text in the field is cleard [[ChromeDriver: chrome on windows (c8815d6cf3fa536f16746348c488cb91)] -> id: outlined-adornment-password]
2023-10-27 16:32:15.796 INFO  page.GlobalFunctions Enter the value srinivas@
2023-10-27 16:32:15.927 INFO  page.GlobalFunctions Taking screen shot....
2023-10-27 16:32:15.963 INFO  page.GlobalFunctions Element is displayed [[ChromeDriver: chrome on windows (c8815d6cf3fa536f16746348c488cb91)] -> xpath: //button[text()='Login']]
2023-10-27 16:32:16.130 INFO  page.GlobalFunctions Taking screen shot....
2023-10-27 16:32:16.139 INFO  utility.ReadXml Key:login warning message value: Incorrect User Name or Password!
2023-10-27 16:32:16.139 INFO  page.GlobalFunctions text value is  Incorrect User Name or Password!
2023-10-27 16:32:16.154 INFO  page.GlobalFunctions wait for PT1M time of element [[ChromeDriver: chrome on windows (c8815d6cf3fa536f16746348c488cb91)] -> xpath: //*[@class='MuiSvgIcon-root MuiSvgIcon-fontSizeInherit css-1cw4hi4']] attribute data-testid to load
2023-10-27 16:32:16.712 INFO  page.GlobalFunctions actualText Incorrect User Name or Password! expectedText Incorrect User Name or Password!
2023-10-27 16:32:16.858 INFO  page.GlobalFunctions Taking screen shot....
2023-10-27 16:32:20.104 INFO  page.CommonPage launching Vender application
2023-10-27 16:32:20.214 INFO  page.GlobalFunctions Taking screen shot....
2023-10-27 16:32:20.223 INFO  utility.ReadXml Key:forgot password value: Forgot Password
2023-10-27 16:32:20.223 INFO  page.GlobalFunctions text value is  Forgot Password
2023-10-27 16:32:20.333 INFO  page.GlobalFunctions actualText Forgot Password expectedText Forgot Password
2023-10-27 16:32:20.510 INFO  page.GlobalFunctions Taking screen shot....
2023-10-27 16:32:20.521 INFO  utility.ReadXml Key:srinivas@ value: null
2023-10-27 16:32:20.522 INFO  utility.ReadXml Key:srinivas@ value: null
2023-10-27 16:32:20.523 INFO  page.GlobalFunctions text value is  srinivas@
2023-10-27 16:32:20.552 INFO  page.GlobalFunctions Element is displayed [[ChromeDriver: chrome on windows (10283a62327c60f171bcc5db9a6654da)] -> id: Username]
2023-10-27 16:32:20.600 INFO  page.GlobalFunctions Text in the field is cleard [[ChromeDriver: chrome on windows (10283a62327c60f171bcc5db9a6654da)] -> id: Username]
2023-10-27 16:32:20.697 INFO  page.GlobalFunctions Enter the value srinivas@
2023-10-27 16:32:20.820 INFO  page.GlobalFunctions Taking screen shot....
2023-10-27 16:32:20.829 INFO  utility.ReadXml Key:srinivas@ value: null
2023-10-27 16:32:20.831 INFO  utility.ReadXml Key:srinivas@ value: null
2023-10-27 16:32:20.831 INFO  page.GlobalFunctions text value is  srinivas@
2023-10-27 16:32:20.861 INFO  page.GlobalFunctions Element is displayed [[ChromeDriver: chrome on windows (10283a62327c60f171bcc5db9a6654da)] -> id: outlined-adornment-password]
2023-10-27 16:32:20.892 INFO  page.GlobalFunctions Text in the field is cleard [[ChromeDriver: chrome on windows (10283a62327c60f171bcc5db9a6654da)] -> id: outlined-adornment-password]
2023-10-27 16:32:20.976 INFO  page.GlobalFunctions Enter the value srinivas@
2023-10-27 16:32:21.118 INFO  page.GlobalFunctions Taking screen shot....
2023-10-27 16:32:21.153 INFO  page.GlobalFunctions Element is displayed [[ChromeDriver: chrome on windows (10283a62327c60f171bcc5db9a6654da)] -> xpath: //button[text()='Login']]
2023-10-27 16:32:21.335 INFO  page.GlobalFunctions Taking screen shot....
2023-10-27 16:32:21.346 INFO  utility.ReadXml Key:login warning message value: Incorrect User Name or Password!
2023-10-27 16:32:21.346 INFO  page.GlobalFunctions text value is  Incorrect User Name or Password!
2023-10-27 16:32:21.360 INFO  page.GlobalFunctions wait for PT1M time of element [[ChromeDriver: chrome on windows (10283a62327c60f171bcc5db9a6654da)] -> xpath: //*[@class='MuiSvgIcon-root MuiSvgIcon-fontSizeInherit css-1cw4hi4']] attribute data-testid to load
2023-10-27 16:32:21.913 INFO  page.GlobalFunctions actualText Incorrect User Name or Password! expectedText Incorrect User Name or Password!
2023-10-27 16:32:22.022 INFO  page.GlobalFunctions Taking screen shot....
2023-10-27 16:32:25.547 INFO  page.CommonPage launching Vender application
2023-10-27 16:32:25.730 INFO  page.GlobalFunctions Taking screen shot....
2023-10-27 16:32:25.738 INFO  utility.ReadXml Key:forgot password value: Forgot Password
2023-10-27 16:32:25.738 INFO  page.GlobalFunctions text value is  Forgot Password
2023-10-27 16:32:25.769 INFO  page.GlobalFunctions actualText Forgot Password expectedText Forgot Password
2023-10-27 16:32:25.902 INFO  page.GlobalFunctions Taking screen shot....
2023-10-27 16:32:25.912 INFO  utility.ReadXml Key:srinivas@neviton.c value: null
2023-10-27 16:32:25.914 INFO  utility.ReadXml Key:srinivas@neviton.c value: null
2023-10-27 16:32:25.914 INFO  page.GlobalFunctions text value is  srinivas@neviton.c
2023-10-27 16:32:25.946 INFO  page.GlobalFunctions Element is displayed [[ChromeDriver: chrome on windows (e718e8968f4065795c823a0c468eee25)] -> id: Username]
2023-10-27 16:32:25.988 INFO  page.GlobalFunctions Text in the field is cleard [[ChromeDriver: chrome on windows (e718e8968f4065795c823a0c468eee25)] -> id: Username]
2023-10-27 16:32:26.128 INFO  page.GlobalFunctions Enter the value srinivas@neviton.c
2023-10-27 16:32:26.276 INFO  page.GlobalFunctions Taking screen shot....
2023-10-27 16:32:26.286 INFO  utility.ReadXml Key:srinivas@ value: null
2023-10-27 16:32:26.288 INFO  utility.ReadXml Key:srinivas@ value: null
2023-10-27 16:32:26.288 INFO  page.GlobalFunctions text value is  srinivas@
2023-10-27 16:32:26.318 INFO  page.GlobalFunctions Element is displayed [[ChromeDriver: chrome on windows (e718e8968f4065795c823a0c468eee25)] -> id: outlined-adornment-password]
2023-10-27 16:32:26.354 INFO  page.GlobalFunctions Text in the field is cleard [[ChromeDriver: chrome on windows (e718e8968f4065795c823a0c468eee25)] -> id: outlined-adornment-password]
2023-10-27 16:32:26.453 INFO  page.GlobalFunctions Enter the value srinivas@
2023-10-27 16:32:26.589 INFO  page.GlobalFunctions Taking screen shot....
2023-10-27 16:32:26.630 INFO  page.GlobalFunctions Element is displayed [[ChromeDriver: chrome on windows (e718e8968f4065795c823a0c468eee25)] -> xpath: //button[text()='Login']]
2023-10-27 16:32:26.790 INFO  page.GlobalFunctions Taking screen shot....
2023-10-27 16:32:26.799 INFO  utility.ReadXml Key:login warning message value: Incorrect User Name or Password!
2023-10-27 16:32:26.799 INFO  page.GlobalFunctions text value is  Incorrect User Name or Password!
2023-10-27 16:32:26.813 INFO  page.GlobalFunctions wait for PT1M time of element [[ChromeDriver: chrome on windows (e718e8968f4065795c823a0c468eee25)] -> xpath: //*[@class='MuiSvgIcon-root MuiSvgIcon-fontSizeInherit css-1cw4hi4']] attribute data-testid to load
2023-10-27 16:32:27.375 INFO  page.GlobalFunctions actualText Incorrect User Name or Password! expectedText Incorrect User Name or Password!
2023-10-27 16:32:27.466 INFO  page.GlobalFunctions Taking screen shot....
2023-10-27 16:32:48.027 INFO  page.CommonPage launching Vender application
2023-10-27 16:32:48.152 INFO  page.GlobalFunctions Taking screen shot....
2023-10-27 16:32:48.172 INFO  utility.ReadXml Key:forgot password value: Forgot Password
2023-10-27 16:32:48.172 INFO  page.GlobalFunctions text value is  Forgot Password
2023-10-27 16:32:48.256 INFO  page.GlobalFunctions actualText Forgot Password expectedText Forgot Password
2023-10-27 16:32:48.442 INFO  page.GlobalFunctions Taking screen shot....
2023-10-27 16:32:48.457 INFO  utility.ReadXml Key:abc123@gmail.com value: null
2023-10-27 16:32:48.459 INFO  utility.ReadXml Key:abc123@gmail.com value: null
2023-10-27 16:32:48.459 INFO  page.GlobalFunctions text value is  abc123@gmail.com
2023-10-27 16:32:48.498 INFO  page.GlobalFunctions Element is displayed [[ChromeDriver: chrome on windows (b2b11527019c65b0453b8c704e7ee392)] -> id: Username]
2023-10-27 16:32:48.540 INFO  page.GlobalFunctions Text in the field is cleard [[ChromeDriver: chrome on windows (b2b11527019c65b0453b8c704e7ee392)] -> id: Username]
2023-10-27 16:32:56.187 INFO  page.GlobalFunctions Enter the value abc123@gmail.com
2023-10-27 16:32:56.294 INFO  page.GlobalFunctions Taking screen shot....
2023-10-27 16:32:56.307 INFO  utility.ReadXml Key:srinivas@ value: null
2023-10-27 16:32:56.309 INFO  utility.ReadXml Key:srinivas@ value: null
2023-10-27 16:32:56.309 INFO  page.GlobalFunctions text value is  srinivas@
2023-10-27 16:32:56.353 INFO  page.GlobalFunctions Element is displayed [[ChromeDriver: chrome on windows (b2b11527019c65b0453b8c704e7ee392)] -> id: outlined-adornment-password]
2023-10-27 16:32:56.390 INFO  page.GlobalFunctions Text in the field is cleard [[ChromeDriver: chrome on windows (b2b11527019c65b0453b8c704e7ee392)] -> id: outlined-adornment-password]
2023-10-27 16:32:56.484 INFO  page.GlobalFunctions Enter the value srinivas@
2023-10-27 16:32:56.621 INFO  page.GlobalFunctions Taking screen shot....
2023-10-27 16:32:56.672 INFO  page.GlobalFunctions Element is displayed [[ChromeDriver: chrome on windows (b2b11527019c65b0453b8c704e7ee392)] -> xpath: //button[text()='Login']]
2023-10-27 16:32:56.860 INFO  page.GlobalFunctions Taking screen shot....
2023-10-27 16:32:56.873 INFO  utility.ReadXml Key:login warning message value: Incorrect User Name or Password!
2023-10-27 16:32:56.873 INFO  page.GlobalFunctions text value is  Incorrect User Name or Password!
2023-10-27 16:32:56.889 INFO  page.GlobalFunctions wait for PT1M time of element [[ChromeDriver: chrome on windows (b2b11527019c65b0453b8c704e7ee392)] -> xpath: //*[@class='MuiSvgIcon-root MuiSvgIcon-fontSizeInherit css-1cw4hi4']] attribute data-testid to load
2023-10-27 16:32:57.665 INFO  page.GlobalFunctions actualText Incorrect User Name or Password! expectedText Incorrect User Name or Password!
2023-10-27 16:32:57.761 INFO  page.GlobalFunctions Taking screen shot....
2023-10-27 16:33:01.284 INFO  page.CommonPage launching Vender application
2023-10-27 16:33:01.447 INFO  page.GlobalFunctions Taking screen shot....
2023-10-27 16:33:01.456 INFO  utility.ReadXml Key:forgot password value: Forgot Password
2023-10-27 16:33:01.457 INFO  page.GlobalFunctions text value is  Forgot Password
2023-10-27 16:33:01.496 INFO  page.GlobalFunctions actualText Forgot Password expectedText Forgot Password
2023-10-27 16:33:01.641 INFO  page.GlobalFunctions Taking screen shot....
2023-10-27 16:33:01.650 INFO  utility.ReadXml Key:srinivas value: null
2023-10-27 16:33:01.652 INFO  utility.ReadXml Key:srinivas value: null
2023-10-27 16:33:01.652 INFO  page.GlobalFunctions text value is  srinivas
2023-10-27 16:33:01.689 INFO  page.GlobalFunctions Element is displayed [[ChromeDriver: chrome on windows (f022d5943393946ce07c145d53c86cf3)] -> id: Username]
2023-10-27 16:33:01.730 INFO  page.GlobalFunctions Text in the field is cleard [[ChromeDriver: chrome on windows (f022d5943393946ce07c145d53c86cf3)] -> id: Username]
2023-10-27 16:33:01.819 INFO  page.GlobalFunctions Enter the value srinivas
2023-10-27 16:33:01.944 INFO  page.GlobalFunctions Taking screen shot....
2023-10-27 16:33:01.956 INFO  utility.ReadXml Key:srinivas@ value: null
2023-10-27 16:33:01.958 INFO  utility.ReadXml Key:srinivas@ value: null
2023-10-27 16:33:01.958 INFO  page.GlobalFunctions text value is  srinivas@
2023-10-27 16:33:01.992 INFO  page.GlobalFunctions Element is displayed [[ChromeDriver: chrome on windows (f022d5943393946ce07c145d53c86cf3)] -> id: outlined-adornment-password]
2023-10-27 16:33:02.025 INFO  page.GlobalFunctions Text in the field is cleard [[ChromeDriver: chrome on windows (f022d5943393946ce07c145d53c86cf3)] -> id: outlined-adornment-password]
2023-10-27 16:33:02.106 INFO  page.GlobalFunctions Enter the value srinivas@
2023-10-27 16:33:02.246 INFO  page.GlobalFunctions Taking screen shot....
2023-10-27 16:33:02.288 INFO  page.GlobalFunctions Element is displayed [[ChromeDriver: chrome on windows (f022d5943393946ce07c145d53c86cf3)] -> xpath: //button[text()='Login']]
2023-10-27 16:33:02.478 INFO  page.GlobalFunctions Taking screen shot....
2023-10-27 16:33:02.489 INFO  utility.ReadXml Key:login warning message value: Incorrect User Name or Password!
2023-10-27 16:33:02.489 INFO  page.GlobalFunctions text value is  Incorrect User Name or Password!
2023-10-27 16:33:02.504 INFO  page.GlobalFunctions wait for PT1M time of element [[ChromeDriver: chrome on windows (f022d5943393946ce07c145d53c86cf3)] -> xpath: //*[@class='MuiSvgIcon-root MuiSvgIcon-fontSizeInherit css-1cw4hi4']] attribute data-testid to load
2023-10-27 16:33:03.284 INFO  page.GlobalFunctions actualText Incorrect User Name or Password! expectedText Incorrect User Name or Password!
2023-10-27 16:33:03.397 INFO  page.GlobalFunctions Taking screen shot....
2023-10-27 16:33:07.033 INFO  page.CommonPage launching Vender application
2023-10-27 16:33:07.182 INFO  page.GlobalFunctions Taking screen shot....
2023-10-27 16:33:07.191 INFO  utility.ReadXml Key:forgot password value: Forgot Password
2023-10-27 16:33:07.191 INFO  page.GlobalFunctions text value is  Forgot Password
2023-10-27 16:33:07.225 INFO  page.GlobalFunctions actualText Forgot Password expectedText Forgot Password
2023-10-27 16:33:07.418 INFO  page.GlobalFunctions Taking screen shot....
2023-10-27 16:33:07.425 INFO  utility.ReadXml Key:srinivas@neviton value: null
2023-10-27 16:33:07.427 INFO  utility.ReadXml Key:srinivas@neviton value: null
2023-10-27 16:33:07.427 INFO  page.GlobalFunctions text value is  srinivas@neviton
2023-10-27 16:33:07.463 INFO  page.GlobalFunctions Element is displayed [[ChromeDriver: chrome on windows (eaf7ab7c4668b0ace5b296d08c4ad01b)] -> id: Username]
2023-10-27 16:33:07.506 INFO  page.GlobalFunctions Text in the field is cleard [[ChromeDriver: chrome on windows (eaf7ab7c4668b0ace5b296d08c4ad01b)] -> id: Username]
2023-10-27 16:33:07.638 INFO  page.GlobalFunctions Enter the value srinivas@neviton
2023-10-27 16:33:07.788 INFO  page.GlobalFunctions Taking screen shot....
2023-10-27 16:33:07.797 INFO  utility.ReadXml Key:srinivas@ value: null
2023-10-27 16:33:07.799 INFO  utility.ReadXml Key:srinivas@ value: null
2023-10-27 16:33:07.799 INFO  page.GlobalFunctions text value is  srinivas@
2023-10-27 16:33:07.827 INFO  page.GlobalFunctions Element is displayed [[ChromeDriver: chrome on windows (eaf7ab7c4668b0ace5b296d08c4ad01b)] -> id: outlined-adornment-password]
2023-10-27 16:33:07.859 INFO  page.GlobalFunctions Text in the field is cleard [[ChromeDriver: chrome on windows (eaf7ab7c4668b0ace5b296d08c4ad01b)] -> id: outlined-adornment-password]
2023-10-27 16:33:07.943 INFO  page.GlobalFunctions Enter the value srinivas@
2023-10-27 16:33:08.047 INFO  page.GlobalFunctions Taking screen shot....
2023-10-27 16:33:08.085 INFO  page.GlobalFunctions Element is displayed [[ChromeDriver: chrome on windows (eaf7ab7c4668b0ace5b296d08c4ad01b)] -> xpath: //button[text()='Login']]
2023-10-27 16:33:08.249 INFO  page.GlobalFunctions Taking screen shot....
2023-10-27 16:33:08.260 INFO  utility.ReadXml Key:login warning message value: Incorrect User Name or Password!
2023-10-27 16:33:08.260 INFO  page.GlobalFunctions text value is  Incorrect User Name or Password!
2023-10-27 16:33:08.279 INFO  page.GlobalFunctions wait for PT1M time of element [[ChromeDriver: chrome on windows (eaf7ab7c4668b0ace5b296d08c4ad01b)] -> xpath: //*[@class='MuiSvgIcon-root MuiSvgIcon-fontSizeInherit css-1cw4hi4']] attribute data-testid to load
2023-10-27 16:33:09.031 INFO  page.GlobalFunctions actualText Incorrect User Name or Password! expectedText Incorrect User Name or Password!
2023-10-27 16:33:09.140 INFO  page.GlobalFunctions Taking screen shot....
2023-10-27 16:33:12.320 INFO  page.CommonPage launching Vender application
2023-10-27 16:33:12.439 INFO  page.GlobalFunctions Taking screen shot....
2023-10-27 16:33:12.447 INFO  utility.ReadXml Key:forgot password value: Forgot Password
2023-10-27 16:33:12.447 INFO  page.GlobalFunctions text value is  Forgot Password
2023-10-27 16:33:12.724 INFO  page.GlobalFunctions actualText Forgot Password expectedText Forgot Password
2023-10-27 16:33:12.913 INFO  page.GlobalFunctions Taking screen shot....
2023-10-27 16:33:12.920 INFO  utility.ReadXml Key:srinivas@ value: null
2023-10-27 16:33:12.922 INFO  utility.ReadXml Key:srinivas@ value: null
2023-10-27 16:33:12.922 INFO  page.GlobalFunctions text value is  srinivas@
2023-10-27 16:33:12.953 INFO  page.GlobalFunctions Element is displayed [[ChromeDriver: chrome on windows (655dcb6a26c0cd4c533dd444d263cbe9)] -> id: Username]
2023-10-27 16:33:12.994 INFO  page.GlobalFunctions Text in the field is cleard [[ChromeDriver: chrome on windows (655dcb6a26c0cd4c533dd444d263cbe9)] -> id: Username]
2023-10-27 16:33:13.088 INFO  page.GlobalFunctions Enter the value srinivas@
2023-10-27 16:33:13.217 INFO  page.GlobalFunctions Taking screen shot....
2023-10-27 16:33:13.224 INFO  utility.ReadXml Key:srinivas@ value: null
2023-10-27 16:33:13.226 INFO  utility.ReadXml Key:srinivas@ value: null
2023-10-27 16:33:13.226 INFO  page.GlobalFunctions text value is  srinivas@
2023-10-27 16:33:13.258 INFO  page.GlobalFunctions Element is displayed [[ChromeDriver: chrome on windows (655dcb6a26c0cd4c533dd444d263cbe9)] -> id: outlined-adornment-password]
2023-10-27 16:33:13.291 INFO  page.GlobalFunctions Text in the field is cleard [[ChromeDriver: chrome on windows (655dcb6a26c0cd4c533dd444d263cbe9)] -> id: outlined-adornment-password]
2023-10-27 16:33:13.379 INFO  page.GlobalFunctions Enter the value srinivas@
2023-10-27 16:33:13.507 INFO  page.GlobalFunctions Taking screen shot....
2023-10-27 16:33:13.542 INFO  page.GlobalFunctions Element is displayed [[ChromeDriver: chrome on windows (655dcb6a26c0cd4c533dd444d263cbe9)] -> xpath: //button[text()='Login']]
2023-10-27 16:33:13.713 INFO  page.GlobalFunctions Taking screen shot....
2023-10-27 16:33:13.722 INFO  utility.ReadXml Key:login warning message value: Incorrect User Name or Password!
2023-10-27 16:33:13.722 INFO  page.GlobalFunctions text value is  Incorrect User Name or Password!
2023-10-27 16:33:13.736 INFO  page.GlobalFunctions wait for PT1M time of element [[ChromeDriver: chrome on windows (655dcb6a26c0cd4c533dd444d263cbe9)] -> xpath: //*[@class='MuiSvgIcon-root MuiSvgIcon-fontSizeInherit css-1cw4hi4']] attribute data-testid to load
2023-10-27 16:33:14.511 INFO  page.GlobalFunctions actualText Incorrect User Name or Password! expectedText Incorrect User Name or Password!
2023-10-27 16:33:14.640 INFO  page.GlobalFunctions Taking screen shot....
2023-10-27 16:33:17.961 INFO  page.CommonPage launching Vender application
2023-10-27 16:33:18.076 INFO  page.GlobalFunctions Taking screen shot....
2023-10-27 16:33:18.084 INFO  utility.ReadXml Key:forgot password value: Forgot Password
2023-10-27 16:33:18.084 INFO  page.GlobalFunctions text value is  Forgot Password
2023-10-27 16:33:18.377 INFO  page.GlobalFunctions actualText Forgot Password expectedText Forgot Password
2023-10-27 16:33:18.548 INFO  page.GlobalFunctions Taking screen shot....
2023-10-27 16:33:18.555 INFO  utility.ReadXml Key:srinivas@neviton.c value: null
2023-10-27 16:33:18.557 INFO  utility.ReadXml Key:srinivas@neviton.c value: null
2023-10-27 16:33:18.557 INFO  page.GlobalFunctions text value is  srinivas@neviton.c
2023-10-27 16:33:18.588 INFO  page.GlobalFunctions Element is displayed [[ChromeDriver: chrome on windows (8020cd60dd620e39ef19c501ea83e6a8)] -> id: Username]
2023-10-27 16:33:18.641 INFO  page.GlobalFunctions Text in the field is cleard [[ChromeDriver: chrome on windows (8020cd60dd620e39ef19c501ea83e6a8)] -> id: Username]
2023-10-27 16:33:18.767 INFO  page.GlobalFunctions Enter the value srinivas@neviton.c
2023-10-27 16:33:18.909 INFO  page.GlobalFunctions Taking screen shot....
2023-10-27 16:33:18.917 INFO  utility.ReadXml Key:srinivas@ value: null
2023-10-27 16:33:18.917 INFO  utility.ReadXml Key:srinivas@ value: null
2023-10-27 16:33:18.917 INFO  page.GlobalFunctions text value is  srinivas@
2023-10-27 16:33:18.954 INFO  page.GlobalFunctions Element is displayed [[ChromeDriver: chrome on windows (8020cd60dd620e39ef19c501ea83e6a8)] -> id: outlined-adornment-password]
2023-10-27 16:33:18.991 INFO  page.GlobalFunctions Text in the field is cleard [[ChromeDriver: chrome on windows (8020cd60dd620e39ef19c501ea83e6a8)] -> id: outlined-adornment-password]
2023-10-27 16:33:19.073 INFO  page.GlobalFunctions Enter the value srinivas@
2023-10-27 16:33:19.204 INFO  page.GlobalFunctions Taking screen shot....
2023-10-27 16:33:19.239 INFO  page.GlobalFunctions Element is displayed [[ChromeDriver: chrome on windows (8020cd60dd620e39ef19c501ea83e6a8)] -> xpath: //button[text()='Login']]
2023-10-27 16:33:19.421 INFO  page.GlobalFunctions Taking screen shot....
2023-10-27 16:33:19.430 INFO  utility.ReadXml Key:login warning message value: Incorrect User Name or Password!
2023-10-27 16:33:19.430 INFO  page.GlobalFunctions text value is  Incorrect User Name or Password!
2023-10-27 16:33:19.443 INFO  page.GlobalFunctions wait for PT1M time of element [[ChromeDriver: chrome on windows (8020cd60dd620e39ef19c501ea83e6a8)] -> xpath: //*[@class='MuiSvgIcon-root MuiSvgIcon-fontSizeInherit css-1cw4hi4']] attribute data-testid to load
2023-10-27 16:33:20.220 INFO  page.GlobalFunctions actualText Incorrect User Name or Password! expectedText Incorrect User Name or Password!
2023-10-27 16:33:20.366 INFO  page.GlobalFunctions Taking screen shot....
2023-10-27 16:45:55.337 INFO  page.CommonPage launching Vender application
2023-10-27 16:45:55.475 INFO  page.GlobalFunctions Taking screen shot....
2023-10-27 16:45:55.493 INFO  utility.ReadXml Key:forgot password value: Forgot Password
2023-10-27 16:45:55.493 INFO  page.GlobalFunctions text value is  Forgot Password
2023-10-27 16:45:56.578 INFO  page.GlobalFunctions actualText Forgot Password expectedText Forgot Password
2023-10-27 16:45:56.685 INFO  page.GlobalFunctions Taking screen shot....
2023-10-27 16:45:56.697 INFO  utility.ReadXml Key:abc123@gmail.com value: null
2023-10-27 16:45:56.699 INFO  utility.ReadXml Key:abc123@gmail.com value: null
2023-10-27 16:45:56.699 INFO  page.GlobalFunctions text value is  abc123@gmail.com
2023-10-27 16:45:56.743 INFO  page.GlobalFunctions Element is displayed [[ChromeDriver: chrome on windows (641cbad5a5d3b23ec3432e101d3a62a1)] -> id: Username]
2023-10-27 16:45:56.787 INFO  page.GlobalFunctions Text in the field is cleard [[ChromeDriver: chrome on windows (641cbad5a5d3b23ec3432e101d3a62a1)] -> id: Username]
2023-10-27 16:45:56.916 INFO  page.GlobalFunctions Enter the value abc123@gmail.com
2023-10-27 16:45:57.039 INFO  page.GlobalFunctions Taking screen shot....
2023-10-27 16:45:57.049 INFO  utility.ReadXml Key:srinivas@123 value: null
2023-10-27 16:45:57.051 INFO  utility.ReadXml Key:srinivas@123 value: null
2023-10-27 16:45:57.051 INFO  page.GlobalFunctions text value is  srinivas@123
2023-10-27 16:45:57.091 INFO  page.GlobalFunctions Element is displayed [[ChromeDriver: chrome on windows (641cbad5a5d3b23ec3432e101d3a62a1)] -> id: outlined-adornment-password]
2023-10-27 16:45:57.127 INFO  page.GlobalFunctions Text in the field is cleard [[ChromeDriver: chrome on windows (641cbad5a5d3b23ec3432e101d3a62a1)] -> id: outlined-adornment-password]
2023-10-27 16:45:57.223 INFO  page.GlobalFunctions Enter the value srinivas@123
2023-10-27 16:45:57.360 INFO  page.GlobalFunctions Taking screen shot....
2023-10-27 16:45:57.406 INFO  page.GlobalFunctions Element is displayed [[ChromeDriver: chrome on windows (641cbad5a5d3b23ec3432e101d3a62a1)] -> xpath: //button[text()='Login']]
2023-10-27 16:45:57.617 INFO  page.GlobalFunctions Taking screen shot....
2023-10-27 16:45:57.629 INFO  utility.ReadXml Key:login warning message value: Incorrect User Name or Password!
2023-10-27 16:45:57.629 INFO  page.GlobalFunctions text value is  Incorrect User Name or Password!
2023-10-27 16:45:57.645 INFO  page.GlobalFunctions wait for PT1M time of element [[ChromeDriver: chrome on windows (641cbad5a5d3b23ec3432e101d3a62a1)] -> xpath: //*[@class='MuiSvgIcon-root MuiSvgIcon-fontSizeInherit css-1cw4hi4']] attribute data-testid to load
2023-10-27 16:45:58.403 INFO  page.GlobalFunctions actualText  expectedText Incorrect User Name or Password!
2023-10-27 16:45:58.558 INFO  page.GlobalFunctions Taking screen shot....
2023-10-27 16:46:03.631 INFO  page.CommonPage launching Vender application
2023-10-27 16:46:03.763 INFO  page.GlobalFunctions Taking screen shot....
2023-10-27 16:46:03.772 INFO  utility.ReadXml Key:forgot password value: Forgot Password
2023-10-27 16:46:03.772 INFO  page.GlobalFunctions text value is  Forgot Password
2023-10-27 16:46:04.112 INFO  page.GlobalFunctions actualText Forgot Password expectedText Forgot Password
2023-10-27 16:46:04.274 INFO  page.GlobalFunctions Taking screen shot....
2023-10-27 16:46:04.282 INFO  utility.ReadXml Key:srinivas value: null
2023-10-27 16:46:04.284 INFO  utility.ReadXml Key:srinivas value: null
2023-10-27 16:46:04.284 INFO  page.GlobalFunctions text value is  srinivas
2023-10-27 16:46:04.317 INFO  page.GlobalFunctions Element is displayed [[ChromeDriver: chrome on windows (13e91e2737b0eaa4a560ae3d657ee88f)] -> id: Username]
2023-10-27 16:46:04.363 INFO  page.GlobalFunctions Text in the field is cleard [[ChromeDriver: chrome on windows (13e91e2737b0eaa4a560ae3d657ee88f)] -> id: Username]
2023-10-27 16:46:04.457 INFO  page.GlobalFunctions Enter the value srinivas
2023-10-27 16:46:04.592 INFO  page.GlobalFunctions Taking screen shot....
2023-10-27 16:46:04.600 INFO  utility.ReadXml Key:srinivas@123 value: null
2023-10-27 16:46:04.602 INFO  utility.ReadXml Key:srinivas@123 value: null
2023-10-27 16:46:04.603 INFO  page.GlobalFunctions text value is  srinivas@123
2023-10-27 16:46:04.637 INFO  page.GlobalFunctions Element is displayed [[ChromeDriver: chrome on windows (13e91e2737b0eaa4a560ae3d657ee88f)] -> id: outlined-adornment-password]
2023-10-27 16:46:04.671 INFO  page.GlobalFunctions Text in the field is cleard [[ChromeDriver: chrome on windows (13e91e2737b0eaa4a560ae3d657ee88f)] -> id: outlined-adornment-password]
2023-10-27 16:46:04.782 INFO  page.GlobalFunctions Enter the value srinivas@123
2023-10-27 16:46:04.918 INFO  page.GlobalFunctions Taking screen shot....
2023-10-27 16:46:04.957 INFO  page.GlobalFunctions Element is displayed [[ChromeDriver: chrome on windows (13e91e2737b0eaa4a560ae3d657ee88f)] -> xpath: //button[text()='Login']]
2023-10-27 16:46:05.146 INFO  page.GlobalFunctions Taking screen shot....
2023-10-27 16:46:05.156 INFO  utility.ReadXml Key:login warning message value: Incorrect User Name or Password!
2023-10-27 16:46:05.156 INFO  page.GlobalFunctions text value is  Incorrect User Name or Password!
2023-10-27 16:46:05.178 INFO  page.GlobalFunctions wait for PT1M time of element [[ChromeDriver: chrome on windows (13e91e2737b0eaa4a560ae3d657ee88f)] -> xpath: //*[@class='MuiSvgIcon-root MuiSvgIcon-fontSizeInherit css-1cw4hi4']] attribute data-testid to load
2023-10-27 16:46:05.938 INFO  page.GlobalFunctions actualText Incorrect User Name or Password! expectedText Incorrect User Name or Password!
2023-10-27 16:46:06.071 INFO  page.GlobalFunctions Taking screen shot....
2023-10-27 16:46:09.432 INFO  page.CommonPage launching Vender application
2023-10-27 16:46:09.568 INFO  page.GlobalFunctions Taking screen shot....
2023-10-27 16:46:09.575 INFO  utility.ReadXml Key:forgot password value: Forgot Password
2023-10-27 16:46:09.575 INFO  page.GlobalFunctions text value is  Forgot Password
2023-10-27 16:46:09.634 INFO  page.GlobalFunctions actualText Forgot Password expectedText Forgot Password
2023-10-27 16:46:09.797 INFO  page.GlobalFunctions Taking screen shot....
2023-10-27 16:46:09.806 INFO  utility.ReadXml Key:srinivas@neviton value: null
2023-10-27 16:46:09.808 INFO  utility.ReadXml Key:srinivas@neviton value: null
2023-10-27 16:46:09.808 INFO  page.GlobalFunctions text value is  srinivas@neviton
2023-10-27 16:46:09.841 INFO  page.GlobalFunctions Element is displayed [[ChromeDriver: chrome on windows (c288979080c76a86c22d60f83f6e58ec)] -> id: Username]
2023-10-27 16:46:09.880 INFO  page.GlobalFunctions Text in the field is cleard [[ChromeDriver: chrome on windows (c288979080c76a86c22d60f83f6e58ec)] -> id: Username]
2023-10-27 16:46:10.001 INFO  page.GlobalFunctions Enter the value srinivas@neviton
2023-10-27 16:46:10.147 INFO  page.GlobalFunctions Taking screen shot....
2023-10-27 16:46:10.155 INFO  utility.ReadXml Key:srinivas@123 value: null
2023-10-27 16:46:10.158 INFO  utility.ReadXml Key:srinivas@123 value: null
2023-10-27 16:46:10.158 INFO  page.GlobalFunctions text value is  srinivas@123
2023-10-27 16:46:10.185 INFO  page.GlobalFunctions Element is displayed [[ChromeDriver: chrome on windows (c288979080c76a86c22d60f83f6e58ec)] -> id: outlined-adornment-password]
2023-10-27 16:46:10.225 INFO  page.GlobalFunctions Text in the field is cleard [[ChromeDriver: chrome on windows (c288979080c76a86c22d60f83f6e58ec)] -> id: outlined-adornment-password]
2023-10-27 16:46:10.324 INFO  page.GlobalFunctions Enter the value srinivas@123
2023-10-27 16:46:10.439 INFO  page.GlobalFunctions Taking screen shot....
2023-10-27 16:46:10.477 INFO  page.GlobalFunctions Element is displayed [[ChromeDriver: chrome on windows (c288979080c76a86c22d60f83f6e58ec)] -> xpath: //button[text()='Login']]
2023-10-27 16:46:10.652 INFO  page.GlobalFunctions Taking screen shot....
2023-10-27 16:46:10.662 INFO  utility.ReadXml Key:login warning message value: Incorrect User Name or Password!
2023-10-27 16:46:10.662 INFO  page.GlobalFunctions text value is  Incorrect User Name or Password!
2023-10-27 16:46:10.677 INFO  page.GlobalFunctions wait for PT1M time of element [[ChromeDriver: chrome on windows (c288979080c76a86c22d60f83f6e58ec)] -> xpath: //*[@class='MuiSvgIcon-root MuiSvgIcon-fontSizeInherit css-1cw4hi4']] attribute data-testid to load
2023-10-27 16:46:11.437 INFO  page.GlobalFunctions actualText Incorrect User Name or Password! expectedText Incorrect User Name or Password!
2023-10-27 16:46:11.539 INFO  page.GlobalFunctions Taking screen shot....
2023-10-27 16:46:16.498 INFO  page.CommonPage launching Vender application
2023-10-27 16:46:16.594 INFO  page.GlobalFunctions Taking screen shot....
2023-10-27 16:46:16.600 INFO  utility.ReadXml Key:forgot password value: Forgot Password
2023-10-27 16:46:16.600 INFO  page.GlobalFunctions text value is  Forgot Password
2023-10-27 16:46:18.016 INFO  page.GlobalFunctions actualText Forgot Password expectedText Forgot Password
2023-10-27 16:46:18.133 INFO  page.GlobalFunctions Taking screen shot....
2023-10-27 16:46:18.142 INFO  utility.ReadXml Key:srinivas@ value: null
2023-10-27 16:46:18.144 INFO  utility.ReadXml Key:srinivas@ value: null
2023-10-27 16:46:18.144 INFO  page.GlobalFunctions text value is  srinivas@
2023-10-27 16:46:18.174 INFO  page.GlobalFunctions Element is displayed [[ChromeDriver: chrome on windows (8c7368d8307a20fd4aeb2939484e1f8d)] -> id: Username]
2023-10-27 16:46:18.215 INFO  page.GlobalFunctions Text in the field is cleard [[ChromeDriver: chrome on windows (8c7368d8307a20fd4aeb2939484e1f8d)] -> id: Username]
2023-10-27 16:46:18.313 INFO  page.GlobalFunctions Enter the value srinivas@
2023-10-27 16:46:18.429 INFO  page.GlobalFunctions Taking screen shot....
2023-10-27 16:46:18.439 INFO  utility.ReadXml Key:srinivas@123 value: null
2023-10-27 16:46:18.442 INFO  utility.ReadXml Key:srinivas@123 value: null
2023-10-27 16:46:18.442 INFO  page.GlobalFunctions text value is  srinivas@123
2023-10-27 16:46:18.475 INFO  page.GlobalFunctions Element is displayed [[ChromeDriver: chrome on windows (8c7368d8307a20fd4aeb2939484e1f8d)] -> id: outlined-adornment-password]
2023-10-27 16:46:18.509 INFO  page.GlobalFunctions Text in the field is cleard [[ChromeDriver: chrome on windows (8c7368d8307a20fd4aeb2939484e1f8d)] -> id: outlined-adornment-password]
2023-10-27 16:46:18.601 INFO  page.GlobalFunctions Enter the value srinivas@123
2023-10-27 16:46:18.753 INFO  page.GlobalFunctions Taking screen shot....
2023-10-27 16:46:18.790 INFO  page.GlobalFunctions Element is displayed [[ChromeDriver: chrome on windows (8c7368d8307a20fd4aeb2939484e1f8d)] -> xpath: //button[text()='Login']]
2023-10-27 16:46:18.997 INFO  page.GlobalFunctions Taking screen shot....
2023-10-27 16:46:19.007 INFO  utility.ReadXml Key:login warning message value: Incorrect User Name or Password!
2023-10-27 16:46:19.007 INFO  page.GlobalFunctions text value is  Incorrect User Name or Password!
2023-10-27 16:46:19.021 INFO  page.GlobalFunctions wait for PT1M time of element [[ChromeDriver: chrome on windows (8c7368d8307a20fd4aeb2939484e1f8d)] -> xpath: //*[@class='MuiSvgIcon-root MuiSvgIcon-fontSizeInherit css-1cw4hi4']] attribute data-testid to load
2023-10-27 16:46:19.778 INFO  page.GlobalFunctions actualText Incorrect User Name or Password! expectedText Incorrect User Name or Password!
2023-10-27 16:46:19.918 INFO  page.GlobalFunctions Taking screen shot....
2023-10-27 16:46:23.441 INFO  page.CommonPage launching Vender application
2023-10-27 16:46:23.557 INFO  page.GlobalFunctions Taking screen shot....
2023-10-27 16:46:23.567 INFO  utility.ReadXml Key:forgot password value: Forgot Password
2023-10-27 16:46:23.567 INFO  page.GlobalFunctions text value is  Forgot Password
2023-10-27 16:46:23.870 INFO  page.GlobalFunctions actualText Forgot Password expectedText Forgot Password
2023-10-27 16:46:24.040 INFO  page.GlobalFunctions Taking screen shot....
2023-10-27 16:46:24.047 INFO  utility.ReadXml Key:srinivas@neviton.c value: null
2023-10-27 16:46:24.049 INFO  utility.ReadXml Key:srinivas@neviton.c value: null
2023-10-27 16:46:24.049 INFO  page.GlobalFunctions text value is  srinivas@neviton.c
2023-10-27 16:46:24.081 INFO  page.GlobalFunctions Element is displayed [[ChromeDriver: chrome on windows (e655859e3dfbcb8d57d5b5b057432a06)] -> id: Username]
2023-10-27 16:46:24.126 INFO  page.GlobalFunctions Text in the field is cleard [[ChromeDriver: chrome on windows (e655859e3dfbcb8d57d5b5b057432a06)] -> id: Username]
2023-10-27 16:46:24.262 INFO  page.GlobalFunctions Enter the value srinivas@neviton.c
2023-10-27 16:46:24.384 INFO  page.GlobalFunctions Taking screen shot....
2023-10-27 16:46:24.392 INFO  utility.ReadXml Key:srinivas@123 value: null
2023-10-27 16:46:24.393 INFO  utility.ReadXml Key:srinivas@123 value: null
2023-10-27 16:46:24.393 INFO  page.GlobalFunctions text value is  srinivas@123
2023-10-27 16:46:24.426 INFO  page.GlobalFunctions Element is displayed [[ChromeDriver: chrome on windows (e655859e3dfbcb8d57d5b5b057432a06)] -> id: outlined-adornment-password]
2023-10-27 16:46:24.463 INFO  page.GlobalFunctions Text in the field is cleard [[ChromeDriver: chrome on windows (e655859e3dfbcb8d57d5b5b057432a06)] -> id: outlined-adornment-password]
2023-10-27 16:46:24.561 INFO  page.GlobalFunctions Enter the value srinivas@123
2023-10-27 16:46:24.678 INFO  page.GlobalFunctions Taking screen shot....
2023-10-27 16:46:24.714 INFO  page.GlobalFunctions Element is displayed [[ChromeDriver: chrome on windows (e655859e3dfbcb8d57d5b5b057432a06)] -> xpath: //button[text()='Login']]
2023-10-27 16:46:24.904 INFO  page.GlobalFunctions Taking screen shot....
2023-10-27 16:46:24.913 INFO  utility.ReadXml Key:login warning message value: Incorrect User Name or Password!
2023-10-27 16:46:24.913 INFO  page.GlobalFunctions text value is  Incorrect User Name or Password!
2023-10-27 16:46:24.927 INFO  page.GlobalFunctions wait for PT1M time of element [[ChromeDriver: chrome on windows (e655859e3dfbcb8d57d5b5b057432a06)] -> xpath: //*[@class='MuiSvgIcon-root MuiSvgIcon-fontSizeInherit css-1cw4hi4']] attribute data-testid to load
2023-10-27 16:46:25.677 INFO  page.GlobalFunctions actualText Incorrect User Name or Password! expectedText Incorrect User Name or Password!
2023-10-27 16:46:25.808 INFO  page.GlobalFunctions Taking screen shot....
2023-10-27 16:46:29.292 INFO  page.CommonPage launching Vender application
2023-10-27 16:46:29.428 INFO  page.GlobalFunctions Taking screen shot....
2023-10-27 16:46:29.435 INFO  utility.ReadXml Key:forgot password value: Forgot Password
2023-10-27 16:46:29.435 INFO  page.GlobalFunctions text value is  Forgot Password
2023-10-27 16:46:29.708 INFO  page.GlobalFunctions actualText Forgot Password expectedText Forgot Password
2023-10-27 16:46:29.891 INFO  page.GlobalFunctions Taking screen shot....
2023-10-27 16:46:29.900 INFO  utility.ReadXml Key:srinivas@neviton.com value: null
2023-10-27 16:46:29.902 INFO  utility.ReadXml Key:srinivas@neviton.com value: null
2023-10-27 16:46:29.902 INFO  page.GlobalFunctions text value is  srinivas@neviton.com
2023-10-27 16:46:29.935 INFO  page.GlobalFunctions Element is displayed [[ChromeDriver: chrome on windows (14d5312d5ec48545d82acec44f98b3a8)] -> id: Username]
2023-10-27 16:46:29.979 INFO  page.GlobalFunctions Text in the field is cleard [[ChromeDriver: chrome on windows (14d5312d5ec48545d82acec44f98b3a8)] -> id: Username]
2023-10-27 16:46:30.117 INFO  page.GlobalFunctions Enter the value srinivas@neviton.com
2023-10-27 16:46:30.253 INFO  page.GlobalFunctions Taking screen shot....
2023-10-27 16:46:30.262 INFO  utility.ReadXml Key:abc123 value: null
2023-10-27 16:46:30.264 INFO  utility.ReadXml Key:abc123 value: null
2023-10-27 16:46:30.264 INFO  page.GlobalFunctions text value is  abc123
2023-10-27 16:46:30.301 INFO  page.GlobalFunctions Element is displayed [[ChromeDriver: chrome on windows (14d5312d5ec48545d82acec44f98b3a8)] -> id: outlined-adornment-password]
2023-10-27 16:46:30.335 INFO  page.GlobalFunctions Text in the field is cleard [[ChromeDriver: chrome on windows (14d5312d5ec48545d82acec44f98b3a8)] -> id: outlined-adornment-password]
2023-10-27 16:46:30.406 INFO  page.GlobalFunctions Enter the value abc123
2023-10-27 16:46:30.549 INFO  page.GlobalFunctions Taking screen shot....
2023-10-27 16:46:30.585 INFO  page.GlobalFunctions Element is displayed [[ChromeDriver: chrome on windows (14d5312d5ec48545d82acec44f98b3a8)] -> xpath: //button[text()='Login']]
2023-10-27 16:46:30.754 INFO  page.GlobalFunctions Taking screen shot....
2023-10-27 16:46:30.764 INFO  utility.ReadXml Key:login warning message value: Incorrect User Name or Password!
2023-10-27 16:46:30.764 INFO  page.GlobalFunctions text value is  Incorrect User Name or Password!
2023-10-27 16:46:30.778 INFO  page.GlobalFunctions wait for PT1M time of element [[ChromeDriver: chrome on windows (14d5312d5ec48545d82acec44f98b3a8)] -> xpath: //*[@class='MuiSvgIcon-root MuiSvgIcon-fontSizeInherit css-1cw4hi4']] attribute data-testid to load
2023-10-27 16:46:31.563 INFO  page.GlobalFunctions actualText Incorrect User Name or Password! expectedText Incorrect User Name or Password!
2023-10-27 16:46:31.720 INFO  page.GlobalFunctions Taking screen shot....
2023-10-27 16:46:35.179 INFO  page.CommonPage launching Vender application
2023-10-27 16:46:35.314 INFO  page.GlobalFunctions Taking screen shot....
2023-10-27 16:46:35.323 INFO  utility.ReadXml Key:forgot password value: Forgot Password
2023-10-27 16:46:35.323 INFO  page.GlobalFunctions text value is  Forgot Password
2023-10-27 16:46:35.382 INFO  page.GlobalFunctions actualText Forgot Password expectedText Forgot Password
2023-10-27 16:46:35.545 INFO  page.GlobalFunctions Taking screen shot....
2023-10-27 16:46:35.558 INFO  utility.ReadXml Key:srinivas@neviton.com value: null
2023-10-27 16:46:35.560 INFO  utility.ReadXml Key:srinivas@neviton.com value: null
2023-10-27 16:46:35.560 INFO  page.GlobalFunctions text value is  srinivas@neviton.com
2023-10-27 16:46:35.591 INFO  page.GlobalFunctions Element is displayed [[ChromeDriver: chrome on windows (22e27d51c778cbd7fda6e5f445eac78b)] -> id: Username]
2023-10-27 16:46:35.631 INFO  page.GlobalFunctions Text in the field is cleard [[ChromeDriver: chrome on windows (22e27d51c778cbd7fda6e5f445eac78b)] -> id: Username]
2023-10-27 16:46:35.781 INFO  page.GlobalFunctions Enter the value srinivas@neviton.com
2023-10-27 16:46:35.958 INFO  page.GlobalFunctions Taking screen shot....
2023-10-27 16:46:35.972 INFO  utility.ReadXml Key:!@#ABC value: null
2023-10-27 16:46:35.974 INFO  utility.ReadXml Key:!@#ABC value: null
2023-10-27 16:46:35.974 INFO  page.GlobalFunctions text value is  !@#ABC
2023-10-27 16:46:36.005 INFO  page.GlobalFunctions Element is displayed [[ChromeDriver: chrome on windows (22e27d51c778cbd7fda6e5f445eac78b)] -> id: outlined-adornment-password]
2023-10-27 16:46:36.038 INFO  page.GlobalFunctions Text in the field is cleard [[ChromeDriver: chrome on windows (22e27d51c778cbd7fda6e5f445eac78b)] -> id: outlined-adornment-password]
2023-10-27 16:46:36.108 INFO  page.GlobalFunctions Enter the value !@#ABC
2023-10-27 16:46:36.223 INFO  page.GlobalFunctions Taking screen shot....
2023-10-27 16:46:36.261 INFO  page.GlobalFunctions Element is displayed [[ChromeDriver: chrome on windows (22e27d51c778cbd7fda6e5f445eac78b)] -> xpath: //button[text()='Login']]
2023-10-27 16:46:36.433 INFO  page.GlobalFunctions Taking screen shot....
2023-10-27 16:46:36.443 INFO  utility.ReadXml Key:login warning message value: Incorrect User Name or Password!
2023-10-27 16:46:36.443 INFO  page.GlobalFunctions text value is  Incorrect User Name or Password!
2023-10-27 16:46:36.461 INFO  page.GlobalFunctions wait for PT1M time of element [[ChromeDriver: chrome on windows (22e27d51c778cbd7fda6e5f445eac78b)] -> xpath: //*[@class='MuiSvgIcon-root MuiSvgIcon-fontSizeInherit css-1cw4hi4']] attribute data-testid to load
2023-10-27 16:46:37.221 INFO  page.GlobalFunctions actualText Incorrect User Name or Password! expectedText Incorrect User Name or Password!
2023-10-27 16:46:37.329 INFO  page.GlobalFunctions Taking screen shot....
2023-10-27 16:46:40.785 INFO  page.CommonPage launching Vender application
2023-10-27 16:46:40.921 INFO  page.GlobalFunctions Taking screen shot....
2023-10-27 16:46:40.928 INFO  utility.ReadXml Key:forgot password value: Forgot Password
2023-10-27 16:46:40.929 INFO  page.GlobalFunctions text value is  Forgot Password
2023-10-27 16:46:41.233 INFO  page.GlobalFunctions actualText Forgot Password expectedText Forgot Password
2023-10-27 16:46:41.405 INFO  page.GlobalFunctions Taking screen shot....
2023-10-27 16:46:41.414 INFO  utility.ReadXml Key:srinivas@neviton.com value: null
2023-10-27 16:46:41.417 INFO  utility.ReadXml Key:srinivas@neviton.com value: null
2023-10-27 16:46:41.417 INFO  page.GlobalFunctions text value is  srinivas@neviton.com
2023-10-27 16:46:41.450 INFO  page.GlobalFunctions Element is displayed [[ChromeDriver: chrome on windows (18d7228a6d09124695a76cc8a70d1f3a)] -> id: Username]
2023-10-27 16:46:41.497 INFO  page.GlobalFunctions Text in the field is cleard [[ChromeDriver: chrome on windows (18d7228a6d09124695a76cc8a70d1f3a)] -> id: Username]
2023-10-27 16:46:41.636 INFO  page.GlobalFunctions Enter the value srinivas@neviton.com
2023-10-27 16:46:41.772 INFO  page.GlobalFunctions Taking screen shot....
2023-10-27 16:46:41.781 INFO  utility.ReadXml Key:abc@ value: null
2023-10-27 16:46:41.784 INFO  utility.ReadXml Key:abc@ value: null
2023-10-27 16:46:41.784 INFO  page.GlobalFunctions text value is  abc@
2023-10-27 16:46:41.819 INFO  page.GlobalFunctions Element is displayed [[ChromeDriver: chrome on windows (18d7228a6d09124695a76cc8a70d1f3a)] -> id: outlined-adornment-password]
2023-10-27 16:46:41.853 INFO  page.GlobalFunctions Text in the field is cleard [[ChromeDriver: chrome on windows (18d7228a6d09124695a76cc8a70d1f3a)] -> id: outlined-adornment-password]
2023-10-27 16:46:41.918 INFO  page.GlobalFunctions Enter the value abc@
2023-10-27 16:46:42.042 INFO  page.GlobalFunctions Taking screen shot....
2023-10-27 16:46:42.077 INFO  page.GlobalFunctions Element is displayed [[ChromeDriver: chrome on windows (18d7228a6d09124695a76cc8a70d1f3a)] -> xpath: //button[text()='Login']]
2023-10-27 16:46:42.250 INFO  page.GlobalFunctions Taking screen shot....
2023-10-27 16:46:42.259 INFO  utility.ReadXml Key:login warning message value: Incorrect User Name or Password!
2023-10-27 16:46:42.260 INFO  page.GlobalFunctions text value is  Incorrect User Name or Password!
2023-10-27 16:46:42.273 INFO  page.GlobalFunctions wait for PT1M time of element [[ChromeDriver: chrome on windows (18d7228a6d09124695a76cc8a70d1f3a)] -> xpath: //*[@class='MuiSvgIcon-root MuiSvgIcon-fontSizeInherit css-1cw4hi4']] attribute data-testid to load
2023-10-27 16:46:43.048 INFO  page.GlobalFunctions actualText Incorrect User Name or Password! expectedText Incorrect User Name or Password!
2023-10-27 16:46:43.201 INFO  page.GlobalFunctions Taking screen shot....
2023-10-27 16:46:46.554 INFO  page.CommonPage launching Vender application
2023-10-27 16:46:46.667 INFO  page.GlobalFunctions Taking screen shot....
2023-10-27 16:46:46.675 INFO  utility.ReadXml Key:forgot password value: Forgot Password
2023-10-27 16:46:46.675 INFO  page.GlobalFunctions text value is  Forgot Password
2023-10-27 16:46:46.974 INFO  page.GlobalFunctions actualText Forgot Password expectedText Forgot Password
2023-10-27 16:46:47.142 INFO  page.GlobalFunctions Taking screen shot....
2023-10-27 16:46:47.152 INFO  utility.ReadXml Key:srinivas@neviton.com value: null
2023-10-27 16:46:47.154 INFO  utility.ReadXml Key:srinivas@neviton.com value: null
2023-10-27 16:46:47.154 INFO  page.GlobalFunctions text value is  srinivas@neviton.com
2023-10-27 16:46:47.184 INFO  page.GlobalFunctions Element is displayed [[ChromeDriver: chrome on windows (de5eacb9b7dde9ca26988d7ba1b8d584)] -> id: Username]
2023-10-27 16:46:47.227 INFO  page.GlobalFunctions Text in the field is cleard [[ChromeDriver: chrome on windows (de5eacb9b7dde9ca26988d7ba1b8d584)] -> id: Username]
2023-10-27 16:46:47.370 INFO  page.GlobalFunctions Enter the value srinivas@neviton.com
2023-10-27 16:46:47.499 INFO  page.GlobalFunctions Taking screen shot....
2023-10-27 16:46:47.507 INFO  utility.ReadXml Key:789987 value: null
2023-10-27 16:46:47.508 INFO  utility.ReadXml Key:789987 value: null
2023-10-27 16:46:47.508 INFO  page.GlobalFunctions text value is  789987
2023-10-27 16:46:47.547 INFO  page.GlobalFunctions Element is displayed [[ChromeDriver: chrome on windows (de5eacb9b7dde9ca26988d7ba1b8d584)] -> id: outlined-adornment-password]
2023-10-27 16:46:47.578 INFO  page.GlobalFunctions Text in the field is cleard [[ChromeDriver: chrome on windows (de5eacb9b7dde9ca26988d7ba1b8d584)] -> id: outlined-adornment-password]
2023-10-27 16:46:47.647 INFO  page.GlobalFunctions Enter the value 789987
2023-10-27 16:46:47.771 INFO  page.GlobalFunctions Taking screen shot....
2023-10-27 16:46:47.806 INFO  page.GlobalFunctions Element is displayed [[ChromeDriver: chrome on windows (de5eacb9b7dde9ca26988d7ba1b8d584)] -> xpath: //button[text()='Login']]
2023-10-27 16:46:47.985 INFO  page.GlobalFunctions Taking screen shot....
2023-10-27 16:46:47.993 INFO  utility.ReadXml Key:login warning message value: Incorrect User Name or Password!
2023-10-27 16:46:47.994 INFO  page.GlobalFunctions text value is  Incorrect User Name or Password!
2023-10-27 16:46:48.007 INFO  page.GlobalFunctions wait for PT1M time of element [[ChromeDriver: chrome on windows (de5eacb9b7dde9ca26988d7ba1b8d584)] -> xpath: //*[@class='MuiSvgIcon-root MuiSvgIcon-fontSizeInherit css-1cw4hi4']] attribute data-testid to load
2023-10-27 16:46:48.764 INFO  page.GlobalFunctions actualText Incorrect User Name or Password! expectedText Incorrect User Name or Password!
2023-10-27 16:46:48.895 INFO  page.GlobalFunctions Taking screen shot....
2023-10-27 16:46:52.638 INFO  page.CommonPage launching Vender application
2023-10-27 16:46:52.764 INFO  page.GlobalFunctions Taking screen shot....
2023-10-27 16:46:52.774 INFO  utility.ReadXml Key:forgot password value: Forgot Password
2023-10-27 16:46:52.774 INFO  page.GlobalFunctions text value is  Forgot Password
2023-10-27 16:46:53.070 INFO  page.GlobalFunctions actualText Forgot Password expectedText Forgot Password
2023-10-27 16:46:53.219 INFO  page.GlobalFunctions Taking screen shot....
2023-10-27 16:46:53.228 INFO  utility.ReadXml Key: value: null
2023-10-27 16:46:53.230 INFO  utility.ReadXml Key: value: null
2023-10-27 16:46:53.230 INFO  page.GlobalFunctions text value is  
2023-10-27 16:46:53.268 INFO  page.GlobalFunctions Element is displayed [[ChromeDriver: chrome on windows (503981ebf8d36c5bcbc66c78cc14752e)] -> id: Username]
2023-10-27 16:46:53.307 INFO  page.GlobalFunctions Text in the field is cleard [[ChromeDriver: chrome on windows (503981ebf8d36c5bcbc66c78cc14752e)] -> id: Username]
2023-10-27 16:46:53.353 INFO  page.GlobalFunctions Enter the value 
2023-10-27 16:46:53.470 INFO  page.GlobalFunctions Taking screen shot....
2023-10-27 16:46:53.478 INFO  utility.ReadXml Key: value: null
2023-10-27 16:46:53.480 INFO  utility.ReadXml Key: value: null
2023-10-27 16:46:53.480 INFO  page.GlobalFunctions text value is  
2023-10-27 16:46:53.515 INFO  page.GlobalFunctions Element is displayed [[ChromeDriver: chrome on windows (503981ebf8d36c5bcbc66c78cc14752e)] -> id: outlined-adornment-password]
2023-10-27 16:46:53.548 INFO  page.GlobalFunctions Text in the field is cleard [[ChromeDriver: chrome on windows (503981ebf8d36c5bcbc66c78cc14752e)] -> id: outlined-adornment-password]
2023-10-27 16:46:53.597 INFO  page.GlobalFunctions Enter the value 
2023-10-27 16:46:53.706 INFO  page.GlobalFunctions Taking screen shot....
2023-10-27 16:46:53.739 INFO  page.GlobalFunctions Element is displayed [[ChromeDriver: chrome on windows (503981ebf8d36c5bcbc66c78cc14752e)] -> xpath: //button[text()='Login']]
2023-10-27 16:46:53.918 INFO  page.GlobalFunctions Taking screen shot....
2023-10-27 16:46:53.926 INFO  utility.ReadXml Key:login warning message value: Incorrect User Name or Password!
2023-10-27 16:46:53.926 INFO  page.GlobalFunctions text value is  Incorrect User Name or Password!
2023-10-27 16:46:53.941 INFO  page.GlobalFunctions wait for PT1M time of element [[ChromeDriver: chrome on windows (503981ebf8d36c5bcbc66c78cc14752e)] -> xpath: //*[@class='MuiSvgIcon-root MuiSvgIcon-fontSizeInherit css-1cw4hi4']] attribute data-testid to load
2023-10-27 16:46:54.706 INFO  page.GlobalFunctions actualText  expectedText Incorrect User Name or Password!
2023-10-27 16:46:54.805 INFO  page.GlobalFunctions Taking screen shot....
2023-10-27 16:48:34.344 INFO  page.CommonPage launching Vender application
2023-10-27 16:48:34.476 INFO  page.GlobalFunctions Taking screen shot....
2023-10-30 12:18:38.782 INFO  page.CommonPage launching Vender application
2023-10-30 12:18:38.911 INFO  page.GlobalFunctions Taking screen shot....
2023-10-30 12:18:45.156 INFO  utility.ReadXml Key:forgot password value: Forgot Password
2023-10-30 12:18:45.156 INFO  page.GlobalFunctions text value is  Forgot Password
2023-10-30 12:18:45.197 INFO  page.GlobalFunctions actualText Forgot Password expectedText Forgot Password
2023-10-30 12:18:45.338 INFO  page.GlobalFunctions Taking screen shot....
2023-10-30 12:18:45.357 INFO  utility.ReadXml Key:user name default text value: Enter Your User Name *
2023-10-30 12:18:45.357 INFO  page.GlobalFunctions text value is  Enter Your User Name *
2023-10-30 12:18:45.425 INFO  page.GlobalFunctions checked all the element in list
2023-10-30 12:18:45.560 INFO  page.GlobalFunctions Taking screen shot....
2023-10-30 12:18:45.574 INFO  utility.ReadXml Key:password default text value: Password *
2023-10-30 12:18:45.574 INFO  page.GlobalFunctions text value is  Password *
2023-10-30 12:18:45.865 INFO  page.GlobalFunctions checked all the element in list
2023-10-30 12:18:45.956 INFO  page.GlobalFunctions Taking screen shot....
2023-10-30 12:18:45.965 INFO  utility.ReadXml Key:or field value: OR
2023-10-30 12:18:45.965 INFO  page.GlobalFunctions text value is  OR
2023-10-30 12:18:45.986 INFO  page.GlobalFunctions actualText OR expectedText OR
2023-10-30 12:18:46.096 INFO  page.GlobalFunctions Taking screen shot....
2023-10-30 12:18:46.104 INFO  utility.ReadXml Key:user name value: null
2023-10-30 12:18:46.109 INFO  utility.ReadXml Key:user name value: null
2023-10-30 12:18:46.109 INFO  page.GlobalFunctions text value is  user name
2023-10-30 12:18:46.146 INFO  page.GlobalFunctions Element is displayed [[ChromeDriver: chrome on windows (44fc5303f2ee69190c0587de43201c91)] -> id: Username]
2023-10-30 12:18:46.199 INFO  page.GlobalFunctions Text in the field is cleard [[ChromeDriver: chrome on windows (44fc5303f2ee69190c0587de43201c91)] -> id: Username]
2023-10-30 12:18:46.320 INFO  page.GlobalFunctions Enter the value user name
2023-10-30 12:18:46.479 INFO  page.GlobalFunctions Taking screen shot....
2023-10-30 12:18:46.488 INFO  utility.ReadXml Key:password value: null
2023-10-30 12:18:46.490 INFO  utility.ReadXml Key:password value: NRXcZ93suQ
2023-10-30 12:18:46.490 INFO  page.GlobalFunctions text value is  NRXcZ93suQ
2023-10-30 12:18:46.525 INFO  page.GlobalFunctions Element is displayed [[ChromeDriver: chrome on windows (44fc5303f2ee69190c0587de43201c91)] -> id: outlined-adornment-password]
2023-10-30 12:18:46.561 INFO  page.GlobalFunctions Text in the field is cleard [[ChromeDriver: chrome on windows (44fc5303f2ee69190c0587de43201c91)] -> id: outlined-adornment-password]
2023-10-30 12:18:46.648 INFO  page.GlobalFunctions Enter the value NRXcZ93suQ
2023-10-30 12:18:46.830 INFO  page.GlobalFunctions Taking screen shot....
2023-10-30 12:18:46.875 INFO  page.GlobalFunctions Element is displayed [[ChromeDriver: chrome on windows (44fc5303f2ee69190c0587de43201c91)] -> xpath: //*[@data-testid='VisibilityIcon']]
2023-10-30 12:18:47.044 INFO  page.GlobalFunctions Taking screen shot....
2023-10-30 12:18:47.100 INFO  page.GlobalFunctions Element is displayed [[ChromeDriver: chrome on windows (44fc5303f2ee69190c0587de43201c91)] -> xpath: //*[@data-testid='VisibilityOffIcon']]
2023-10-30 12:18:47.236 INFO  page.GlobalFunctions Taking screen shot....
2023-10-30 12:18:47.273 INFO  page.GlobalFunctions Element is displayed [[ChromeDriver: chrome on windows (44fc5303f2ee69190c0587de43201c91)] -> xpath: //*[@data-testid='VisibilityOffIcon']]
2023-10-30 12:18:47.459 INFO  page.GlobalFunctions Taking screen shot....
2023-10-30 12:18:47.513 INFO  page.GlobalFunctions Element is displayed [[ChromeDriver: chrome on windows (44fc5303f2ee69190c0587de43201c91)] -> xpath: //*[@data-testid='VisibilityIcon']]
2023-10-30 12:18:47.667 INFO  page.GlobalFunctions Taking screen shot....
2023-10-30 12:18:47.707 INFO  page.GlobalFunctions Element is displayed [[ChromeDriver: chrome on windows (44fc5303f2ee69190c0587de43201c91)] -> xpath: //button[text()='Login']]
2023-10-30 12:18:47.906 INFO  page.GlobalFunctions Taking screen shot....
2023-10-30 12:18:47.916 INFO  utility.ReadXml Key:txt full name value: null
2023-10-30 12:18:47.918 INFO  utility.ReadXml Key:txt full name value: Jayalakshmi Hegde
2023-10-30 12:18:47.918 INFO  page.GlobalFunctions text value is  Jayalakshmi Hegde
2023-10-30 12:19:18.111 INFO  page.GlobalFunctions Taking screen shot....
2023-10-30 12:21:05.768 INFO  page.CommonPage launching Vender application
2023-10-30 12:21:05.905 INFO  page.GlobalFunctions Taking screen shot....
2023-10-30 12:21:05.936 INFO  utility.ReadXml Key:forgot password value: Forgot Password
2023-10-30 12:21:05.936 INFO  page.GlobalFunctions text value is  Forgot Password
2023-10-30 12:21:06.186 INFO  page.GlobalFunctions actualText Forgot Password expectedText Forgot Password
2023-10-30 12:21:06.299 INFO  page.GlobalFunctions Taking screen shot....
2023-10-30 12:21:06.314 INFO  utility.ReadXml Key:user name default text value: Enter Your User Name *
2023-10-30 12:21:06.314 INFO  page.GlobalFunctions text value is  Enter Your User Name *
2023-10-30 12:21:06.387 INFO  page.GlobalFunctions checked all the element in list
2023-10-30 12:21:06.523 INFO  page.GlobalFunctions Taking screen shot....
2023-10-30 12:21:06.539 INFO  utility.ReadXml Key:password default text value: Password *
2023-10-30 12:21:06.539 INFO  page.GlobalFunctions text value is  Password *
2023-10-30 12:21:06.822 INFO  page.GlobalFunctions checked all the element in list
2023-10-30 12:21:06.936 INFO  page.GlobalFunctions Taking screen shot....
2023-10-30 12:21:06.947 INFO  utility.ReadXml Key:or field value: OR
2023-10-30 12:21:06.947 INFO  page.GlobalFunctions text value is  OR
2023-10-30 12:21:06.970 INFO  page.GlobalFunctions actualText OR expectedText OR
2023-10-30 12:21:07.077 INFO  page.GlobalFunctions Taking screen shot....
2023-10-30 12:21:07.086 INFO  utility.ReadXml Key:user name value: null
2023-10-30 12:21:07.088 INFO  utility.ReadXml Key:user name value: null
2023-10-30 12:21:07.088 INFO  page.GlobalFunctions text value is  user name
2023-10-30 12:21:07.124 INFO  page.GlobalFunctions Element is displayed [[ChromeDriver: chrome on windows (768c0c617c2789e64671190fa8ea318e)] -> id: Username]
2023-10-30 12:21:07.168 INFO  page.GlobalFunctions Text in the field is cleard [[ChromeDriver: chrome on windows (768c0c617c2789e64671190fa8ea318e)] -> id: Username]
2023-10-30 12:21:07.278 INFO  page.GlobalFunctions Enter the value user name
2023-10-30 12:21:07.409 INFO  page.GlobalFunctions Taking screen shot....
2023-10-30 12:21:07.418 INFO  utility.ReadXml Key:password value: null
2023-10-30 12:21:07.420 INFO  utility.ReadXml Key:password value: NRXcZ93suQ
2023-10-30 12:21:07.420 INFO  page.GlobalFunctions text value is  NRXcZ93suQ
2023-10-30 12:21:07.455 INFO  page.GlobalFunctions Element is displayed [[ChromeDriver: chrome on windows (768c0c617c2789e64671190fa8ea318e)] -> id: outlined-adornment-password]
2023-10-30 12:21:07.492 INFO  page.GlobalFunctions Text in the field is cleard [[ChromeDriver: chrome on windows (768c0c617c2789e64671190fa8ea318e)] -> id: outlined-adornment-password]
2023-10-30 12:21:07.587 INFO  page.GlobalFunctions Enter the value NRXcZ93suQ
2023-10-30 12:21:07.722 INFO  page.GlobalFunctions Taking screen shot....
2023-10-30 12:21:07.768 INFO  page.GlobalFunctions Element is displayed [[ChromeDriver: chrome on windows (768c0c617c2789e64671190fa8ea318e)] -> xpath: //*[@data-testid='VisibilityIcon']]
2023-10-30 12:21:07.945 INFO  page.GlobalFunctions Taking screen shot....
2023-10-30 12:21:08.013 INFO  page.GlobalFunctions Element is displayed [[ChromeDriver: chrome on windows (768c0c617c2789e64671190fa8ea318e)] -> xpath: //*[@data-testid='VisibilityOffIcon']]
2023-10-30 12:21:08.132 INFO  page.GlobalFunctions Taking screen shot....
2023-10-30 12:21:08.166 INFO  page.GlobalFunctions Element is displayed [[ChromeDriver: chrome on windows (768c0c617c2789e64671190fa8ea318e)] -> xpath: //*[@data-testid='VisibilityOffIcon']]
2023-10-30 12:21:08.317 INFO  page.GlobalFunctions Taking screen shot....
2023-10-30 12:21:08.366 INFO  page.GlobalFunctions Element is displayed [[ChromeDriver: chrome on windows (768c0c617c2789e64671190fa8ea318e)] -> xpath: //*[@data-testid='VisibilityIcon']]
2023-10-30 12:21:08.487 INFO  page.GlobalFunctions Taking screen shot....
2023-10-30 12:21:08.531 INFO  page.GlobalFunctions Element is displayed [[ChromeDriver: chrome on windows (768c0c617c2789e64671190fa8ea318e)] -> xpath: //button[text()='Login']]
2023-10-30 12:21:08.690 INFO  page.GlobalFunctions Taking screen shot....
2023-10-30 12:21:08.700 INFO  utility.ReadXml Key:txt full name value: null
2023-10-30 12:21:08.702 INFO  utility.ReadXml Key:txt full name value: Jayalakshmi Hegde
2023-10-30 12:21:08.702 INFO  page.GlobalFunctions text value is  Jayalakshmi Hegde
2023-10-30 12:25:14.451 INFO  page.CommonPage launching Vender application
2023-10-30 12:25:14.616 INFO  page.GlobalFunctions Taking screen shot....
2023-10-30 12:25:14.641 INFO  utility.ReadXml Key:forgot password value: Forgot Password
2023-10-30 12:25:14.641 INFO  page.GlobalFunctions text value is  Forgot Password
2023-10-30 12:25:14.674 INFO  page.GlobalFunctions actualText Forgot Password expectedText Forgot Password
2023-10-30 12:25:14.790 INFO  page.GlobalFunctions Taking screen shot....
2023-10-30 12:25:14.805 INFO  utility.ReadXml Key:user name default text value: Enter Your User Name *
2023-10-30 12:25:14.805 INFO  page.GlobalFunctions text value is  Enter Your User Name *
2023-10-30 12:25:14.871 INFO  page.GlobalFunctions checked all the element in list
2023-10-30 12:25:14.960 INFO  page.GlobalFunctions Taking screen shot....
2023-10-30 12:25:14.973 INFO  utility.ReadXml Key:password default text value: Password *
2023-10-30 12:25:14.973 INFO  page.GlobalFunctions text value is  Password *
2023-10-30 12:25:15.249 INFO  page.GlobalFunctions checked all the element in list
2023-10-30 12:25:15.349 INFO  page.GlobalFunctions Taking screen shot....
2023-10-30 12:25:15.358 INFO  utility.ReadXml Key:or field value: OR
2023-10-30 12:25:15.358 INFO  page.GlobalFunctions text value is  OR
2023-10-30 12:25:15.380 INFO  page.GlobalFunctions actualText OR expectedText OR
2023-10-30 12:25:15.471 INFO  page.GlobalFunctions Taking screen shot....
2023-10-30 12:25:15.480 INFO  utility.ReadXml Key:user name value: null
2023-10-30 12:25:15.482 INFO  utility.ReadXml Key:user name value: Jayalakshmi.X-Hegde@neviton.com
2023-10-30 12:25:15.482 INFO  page.GlobalFunctions text value is  Jayalakshmi.X-Hegde@neviton.com
2023-10-30 12:25:15.514 INFO  page.GlobalFunctions Element is displayed [[ChromeDriver: chrome on windows (358832adfff1a1660f7aa697ab74da45)] -> id: Username]
2023-10-30 12:25:15.555 INFO  page.GlobalFunctions Text in the field is cleard [[ChromeDriver: chrome on windows (358832adfff1a1660f7aa697ab74da45)] -> id: Username]
2023-10-30 12:25:15.729 INFO  page.GlobalFunctions Enter the value Jayalakshmi.X-Hegde@neviton.com
2023-10-30 12:25:15.893 INFO  page.GlobalFunctions Taking screen shot....
2023-10-30 12:25:15.904 INFO  utility.ReadXml Key:password value: null
2023-10-30 12:25:15.906 INFO  utility.ReadXml Key:password value: NRXcZ93suQ
2023-10-30 12:25:15.906 INFO  page.GlobalFunctions text value is  NRXcZ93suQ
2023-10-30 12:25:15.937 INFO  page.GlobalFunctions Element is displayed [[ChromeDriver: chrome on windows (358832adfff1a1660f7aa697ab74da45)] -> id: outlined-adornment-password]
2023-10-30 12:25:15.970 INFO  page.GlobalFunctions Text in the field is cleard [[ChromeDriver: chrome on windows (358832adfff1a1660f7aa697ab74da45)] -> id: outlined-adornment-password]
2023-10-30 12:25:16.052 INFO  page.GlobalFunctions Enter the value NRXcZ93suQ
2023-10-30 12:25:16.171 INFO  page.GlobalFunctions Taking screen shot....
2023-10-30 12:25:16.209 INFO  page.GlobalFunctions Element is displayed [[ChromeDriver: chrome on windows (358832adfff1a1660f7aa697ab74da45)] -> xpath: //*[@data-testid='VisibilityIcon']]
2023-10-30 12:25:16.373 INFO  page.GlobalFunctions Taking screen shot....
2023-10-30 12:25:16.430 INFO  page.GlobalFunctions Element is displayed [[ChromeDriver: chrome on windows (358832adfff1a1660f7aa697ab74da45)] -> xpath: //*[@data-testid='VisibilityOffIcon']]
2023-10-30 12:25:16.558 INFO  page.GlobalFunctions Taking screen shot....
2023-10-30 12:25:16.591 INFO  page.GlobalFunctions Element is displayed [[ChromeDriver: chrome on windows (358832adfff1a1660f7aa697ab74da45)] -> xpath: //*[@data-testid='VisibilityOffIcon']]
2023-10-30 12:25:16.751 INFO  page.GlobalFunctions Taking screen shot....
2023-10-30 12:25:16.794 INFO  page.GlobalFunctions Element is displayed [[ChromeDriver: chrome on windows (358832adfff1a1660f7aa697ab74da45)] -> xpath: //*[@data-testid='VisibilityIcon']]
2023-10-30 12:25:16.922 INFO  page.GlobalFunctions Taking screen shot....
2023-10-30 12:25:16.959 INFO  page.GlobalFunctions Element is displayed [[ChromeDriver: chrome on windows (358832adfff1a1660f7aa697ab74da45)] -> xpath: //button[text()='Login']]
2023-10-30 12:25:17.137 INFO  page.GlobalFunctions Taking screen shot....
2023-10-30 12:25:17.147 INFO  utility.ReadXml Key:txt full name value: null
2023-10-30 12:25:17.150 INFO  utility.ReadXml Key:txt full name value: Jayalakshmi Hegde
2023-10-30 12:25:17.150 INFO  page.GlobalFunctions text value is  Jayalakshmi Hegde
2023-10-30 12:25:23.114 INFO  page.GlobalFunctions actualText Jayalakshmi Hegde expectedText Jayalakshmi Hegde
2023-10-30 12:25:23.225 INFO  page.GlobalFunctions Taking screen shot....
2023-10-30 12:25:23.233 INFO  utility.ReadXml Key:txt email id value: null
2023-10-30 12:25:23.235 INFO  utility.ReadXml Key:txt email id value: Jayalakshmi.X-Hegde@neviton.com
2023-10-30 12:25:23.236 INFO  page.GlobalFunctions text value is  Jayalakshmi.X-Hegde@neviton.com
2023-10-30 12:25:23.258 INFO  page.GlobalFunctions actualText Jayalakshmi.X-Hegde@neviton.com expectedText Jayalakshmi.X-Hegde@neviton.com
2023-10-30 12:25:23.335 INFO  page.GlobalFunctions Taking screen shot....
2023-10-30 12:25:23.369 INFO  page.GlobalFunctions Element is displayed [[ChromeDriver: chrome on windows (358832adfff1a1660f7aa697ab74da45)] -> xpath: //*[@class ='MuiSvgIcon-root MuiSvgIcon-fontSizeInherit css-1cw4hi4']]
2023-10-30 12:25:23.554 INFO  page.GlobalFunctions Taking screen shot....
2023-10-30 12:25:23.562 INFO  utility.ReadXml Key:logout option name value: Logout
2023-10-30 12:25:23.562 INFO  page.GlobalFunctions text value is  Logout
2023-10-30 12:25:23.583 INFO  page.GlobalFunctions actualText Logout expectedText Logout
2023-10-30 12:25:23.726 INFO  page.GlobalFunctions Taking screen shot....
2023-10-30 12:25:23.762 INFO  page.GlobalFunctions Element is displayed [[ChromeDriver: chrome on windows (358832adfff1a1660f7aa697ab74da45)] -> xpath: //*[@class ='MuiButtonBase-root MuiMenuItem-root MuiMenuItem-dense MuiMenuItem-gutters MuiMenuItem-root MuiMenuItem-dense MuiMenuItem-gutters css-7zzzi9']]
2023-10-30 12:25:24.059 INFO  page.GlobalFunctions Taking screen shot....
2023-10-30 12:40:55.291 INFO  page.CommonPage launching Vender application
2023-10-30 12:40:55.413 INFO  page.GlobalFunctions Taking screen shot....
2023-10-30 12:40:55.431 INFO  utility.ReadXml Key:forgot password value: Forgot Password
2023-10-30 12:40:55.431 INFO  page.GlobalFunctions text value is  Forgot Password
2023-10-30 12:40:55.583 INFO  page.GlobalFunctions actualText Forgot Password expectedText Forgot Password
2023-10-30 12:40:55.731 INFO  page.GlobalFunctions Taking screen shot....
2023-10-30 12:40:55.744 INFO  utility.ReadXml Key:user name default text value: Enter Your User Name *
2023-10-30 12:40:55.744 INFO  page.GlobalFunctions text value is  Enter Your User Name *
2023-10-30 12:40:55.798 INFO  page.GlobalFunctions checked all the element in list
2023-10-30 12:40:55.888 INFO  page.GlobalFunctions Taking screen shot....
2023-10-30 12:40:55.901 INFO  utility.ReadXml Key:password default text value: Password *
2023-10-30 12:40:55.901 INFO  page.GlobalFunctions text value is  Password *
2023-10-30 12:40:56.177 INFO  page.GlobalFunctions checked all the element in list
2023-10-30 12:40:56.273 INFO  page.GlobalFunctions Taking screen shot....
2023-10-30 12:40:56.282 INFO  utility.ReadXml Key:or field value: OR
2023-10-30 12:40:56.282 INFO  page.GlobalFunctions text value is  OR
2023-10-30 12:40:56.304 INFO  page.GlobalFunctions actualText OR expectedText OR
2023-10-30 12:40:56.395 INFO  page.GlobalFunctions Taking screen shot....
2023-10-30 12:40:56.403 INFO  utility.ReadXml Key:login to dms value: null
2023-10-30 12:40:56.406 INFO  utility.ReadXml Key:login to dms value: null
2023-10-30 12:40:56.406 INFO  page.GlobalFunctions text value is  login to dms
2023-10-30 12:40:56.427 INFO  page.GlobalFunctions actualText Login To DMS expectedText login to dms
2023-10-30 12:40:56.523 INFO  page.GlobalFunctions Taking screen shot....
2023-10-30 12:41:16.473 INFO  page.CommonPage launching Vender application
2023-10-30 12:41:16.714 INFO  page.GlobalFunctions Taking screen shot....
2023-10-30 12:41:16.739 INFO  utility.ReadXml Key:forgot password value: Forgot Password
2023-10-30 12:41:16.739 INFO  page.GlobalFunctions text value is  Forgot Password
2023-10-30 12:41:16.769 INFO  page.GlobalFunctions actualText Forgot Password expectedText Forgot Password
2023-10-30 12:41:16.937 INFO  page.GlobalFunctions Taking screen shot....
2023-10-30 12:41:16.947 INFO  utility.ReadXml Key:user name default text value: Enter Your User Name *
2023-10-30 12:41:16.948 INFO  page.GlobalFunctions text value is  Enter Your User Name *
2023-10-30 12:41:17.004 INFO  page.GlobalFunctions checked all the element in list
2023-10-30 12:41:17.097 INFO  page.GlobalFunctions Taking screen shot....
2023-10-30 12:41:17.107 INFO  utility.ReadXml Key:password default text value: Password *
2023-10-30 12:41:17.107 INFO  page.GlobalFunctions text value is  Password *
2023-10-30 12:41:17.382 INFO  page.GlobalFunctions checked all the element in list
2023-10-30 12:41:17.476 INFO  page.GlobalFunctions Taking screen shot....
2023-10-30 12:41:17.483 INFO  utility.ReadXml Key:or field value: OR
2023-10-30 12:41:17.483 INFO  page.GlobalFunctions text value is  OR
2023-10-30 12:41:17.506 INFO  page.GlobalFunctions actualText OR expectedText OR
2023-10-30 12:41:17.605 INFO  page.GlobalFunctions Taking screen shot....
2023-10-30 12:41:17.613 INFO  utility.ReadXml Key:login to dms value: null
2023-10-30 12:41:17.615 INFO  utility.ReadXml Key:login to dms value: null
2023-10-30 12:41:17.615 INFO  page.GlobalFunctions text value is  login to dms
2023-10-30 12:41:17.636 INFO  page.GlobalFunctions actualText Login To DMS expectedText login to dms
2023-10-30 12:41:17.725 INFO  page.GlobalFunctions Taking screen shot....
2023-10-30 12:42:17.491 INFO  page.CommonPage launching Vender application
2023-10-30 12:42:17.730 INFO  page.GlobalFunctions Taking screen shot....
2023-10-30 12:42:17.756 INFO  utility.ReadXml Key:forgot password value: Forgot Password
2023-10-30 12:42:17.757 INFO  page.GlobalFunctions text value is  Forgot Password
2023-10-30 12:42:17.787 INFO  page.GlobalFunctions actualText Forgot Password expectedText Forgot Password
2023-10-30 12:42:17.892 INFO  page.GlobalFunctions Taking screen shot....
2023-10-30 12:42:17.905 INFO  utility.ReadXml Key:user name default text value: Enter Your User Name *
2023-10-30 12:42:17.905 INFO  page.GlobalFunctions text value is  Enter Your User Name *
2023-10-30 12:42:17.965 INFO  page.GlobalFunctions checked all the element in list
2023-10-30 12:42:18.054 INFO  page.GlobalFunctions Taking screen shot....
2023-10-30 12:42:18.064 INFO  utility.ReadXml Key:password default text value: Password *
2023-10-30 12:42:18.064 INFO  page.GlobalFunctions text value is  Password *
2023-10-30 12:42:18.354 INFO  page.GlobalFunctions checked all the element in list
2023-10-30 12:42:18.447 INFO  page.GlobalFunctions Taking screen shot....
2023-10-30 12:42:18.454 INFO  utility.ReadXml Key:or field value: OR
2023-10-30 12:42:18.456 INFO  page.GlobalFunctions text value is  OR
2023-10-30 12:42:18.479 INFO  page.GlobalFunctions actualText OR expectedText OR
2023-10-30 12:42:18.572 INFO  page.GlobalFunctions Taking screen shot....
2023-10-30 12:42:18.580 INFO  utility.ReadXml Key:login to dms value: null
2023-10-30 12:42:18.582 INFO  utility.ReadXml Key:login to dms value: null
2023-10-30 12:42:18.582 INFO  page.GlobalFunctions text value is  login to dms
2023-10-30 12:45:48.758 INFO  page.CommonPage launching Vender application
2023-10-30 12:45:49.000 INFO  page.GlobalFunctions Taking screen shot....
2023-10-30 12:45:49.028 INFO  utility.ReadXml Key:forgot password value: Forgot Password
2023-10-30 12:45:49.028 INFO  page.GlobalFunctions text value is  Forgot Password
2023-10-30 12:45:49.061 INFO  page.GlobalFunctions actualText Forgot Password expectedText Forgot Password
2023-10-30 12:45:49.231 INFO  page.GlobalFunctions Taking screen shot....
2023-10-30 12:45:49.241 INFO  utility.ReadXml Key:user name default text value: Enter Your User Name *
2023-10-30 12:45:49.241 INFO  page.GlobalFunctions text value is  Enter Your User Name *
2023-10-30 12:45:49.296 INFO  page.GlobalFunctions checked all the element in list
2023-10-30 12:45:49.405 INFO  page.GlobalFunctions Taking screen shot....
2023-10-30 12:45:49.414 INFO  utility.ReadXml Key:password default text value: Password *
2023-10-30 12:45:49.414 INFO  page.GlobalFunctions text value is  Password *
2023-10-30 12:45:49.695 INFO  page.GlobalFunctions checked all the element in list
2023-10-30 12:45:49.801 INFO  page.GlobalFunctions Taking screen shot....
2023-10-30 12:45:49.810 INFO  utility.ReadXml Key:or field value: OR
2023-10-30 12:45:49.810 INFO  page.GlobalFunctions text value is  OR
2023-10-30 12:45:49.831 INFO  page.GlobalFunctions actualText OR expectedText OR
2023-10-30 12:45:49.927 INFO  page.GlobalFunctions Taking screen shot....
2023-10-30 12:45:49.935 INFO  utility.ReadXml Key:login to dms value: Login To DMS
2023-10-30 12:45:49.935 INFO  page.GlobalFunctions text value is  Login To DMS
2023-10-30 12:45:49.954 INFO  page.GlobalFunctions actualText Login To DMS expectedText Login To DMS
2023-10-30 12:45:50.064 INFO  page.GlobalFunctions Taking screen shot....
2023-10-30 12:45:50.073 INFO  utility.ReadXml Key:user name value: null
2023-10-30 12:45:50.075 INFO  utility.ReadXml Key:user name value: Jayalakshmi.X-Hegde@neviton.com
2023-10-30 12:45:50.075 INFO  page.GlobalFunctions text value is  Jayalakshmi.X-Hegde@neviton.com
2023-10-30 12:45:50.107 INFO  page.GlobalFunctions Element is displayed [[ChromeDriver: chrome on windows (6e8c63b2693c6617bbd94442dcb675f3)] -> id: Username]
2023-10-30 12:45:50.150 INFO  page.GlobalFunctions Text in the field is cleard [[ChromeDriver: chrome on windows (6e8c63b2693c6617bbd94442dcb675f3)] -> id: Username]
2023-10-30 12:45:50.334 INFO  page.GlobalFunctions Enter the value Jayalakshmi.X-Hegde@neviton.com
2023-10-30 12:45:50.484 INFO  page.GlobalFunctions Taking screen shot....
2023-10-30 12:45:50.493 INFO  utility.ReadXml Key:password value: null
2023-10-30 12:45:50.495 INFO  utility.ReadXml Key:password value: NRXcZ93suQ
2023-10-30 12:45:50.495 INFO  page.GlobalFunctions text value is  NRXcZ93suQ
2023-10-30 12:45:50.525 INFO  page.GlobalFunctions Element is displayed [[ChromeDriver: chrome on windows (6e8c63b2693c6617bbd94442dcb675f3)] -> id: outlined-adornment-password]
2023-10-30 12:45:50.557 INFO  page.GlobalFunctions Text in the field is cleard [[ChromeDriver: chrome on windows (6e8c63b2693c6617bbd94442dcb675f3)] -> id: outlined-adornment-password]
2023-10-30 12:45:50.640 INFO  page.GlobalFunctions Enter the value NRXcZ93suQ
2023-10-30 12:45:50.765 INFO  page.GlobalFunctions Taking screen shot....
2023-10-30 12:45:50.814 INFO  page.GlobalFunctions Element is displayed [[ChromeDriver: chrome on windows (6e8c63b2693c6617bbd94442dcb675f3)] -> xpath: //*[@data-testid='VisibilityIcon']]
2023-10-30 12:45:50.981 INFO  page.GlobalFunctions Taking screen shot....
2023-10-30 12:45:51.033 INFO  page.GlobalFunctions Element is displayed [[ChromeDriver: chrome on windows (6e8c63b2693c6617bbd94442dcb675f3)] -> xpath: //*[@data-testid='VisibilityOffIcon']]
2023-10-30 12:45:51.162 INFO  page.GlobalFunctions Taking screen shot....
2023-10-30 12:45:51.199 INFO  page.GlobalFunctions Element is displayed [[ChromeDriver: chrome on windows (6e8c63b2693c6617bbd94442dcb675f3)] -> xpath: //*[@data-testid='VisibilityOffIcon']]
2023-10-30 12:45:51.361 INFO  page.GlobalFunctions Taking screen shot....
2023-10-30 12:45:51.408 INFO  page.GlobalFunctions Element is displayed [[ChromeDriver: chrome on windows (6e8c63b2693c6617bbd94442dcb675f3)] -> xpath: //*[@data-testid='VisibilityIcon']]
2023-10-30 12:45:51.514 INFO  page.GlobalFunctions Taking screen shot....
2023-10-30 12:45:51.549 INFO  page.GlobalFunctions Element is displayed [[ChromeDriver: chrome on windows (6e8c63b2693c6617bbd94442dcb675f3)] -> xpath: //button[text()='Login']]
2023-10-30 12:45:51.710 INFO  page.GlobalFunctions Taking screen shot....
2023-10-30 12:45:51.720 INFO  utility.ReadXml Key:txt full name value: null
2023-10-30 12:45:51.722 INFO  utility.ReadXml Key:txt full name value: Jayalakshmi Hegde
2023-10-30 12:45:51.723 INFO  page.GlobalFunctions text value is  Jayalakshmi Hegde
2023-10-30 12:45:54.765 INFO  page.GlobalFunctions actualText Jayalakshmi Hegde expectedText Jayalakshmi Hegde
2023-10-30 12:45:54.882 INFO  page.GlobalFunctions Taking screen shot....
2023-10-30 12:45:54.891 INFO  utility.ReadXml Key:txt email id value: null
2023-10-30 12:45:54.896 INFO  utility.ReadXml Key:txt email id value: Jayalakshmi.X-Hegde@neviton.com
2023-10-30 12:45:54.897 INFO  page.GlobalFunctions text value is  Jayalakshmi.X-Hegde@neviton.com
2023-10-30 12:45:54.919 INFO  page.GlobalFunctions actualText Jayalakshmi.X-Hegde@neviton.com expectedText Jayalakshmi.X-Hegde@neviton.com
2023-10-30 12:45:54.994 INFO  page.GlobalFunctions Taking screen shot....
2023-10-30 12:45:55.042 INFO  page.GlobalFunctions Element is displayed [[ChromeDriver: chrome on windows (6e8c63b2693c6617bbd94442dcb675f3)] -> xpath: //*[@class ='MuiSvgIcon-root MuiSvgIcon-fontSizeInherit css-1cw4hi4']]
2023-10-30 12:45:55.261 INFO  page.GlobalFunctions Taking screen shot....
2023-10-30 12:45:55.278 INFO  utility.ReadXml Key:logout option name value: Logout
2023-10-30 12:45:55.278 INFO  page.GlobalFunctions text value is  Logout
2023-10-30 12:45:55.311 INFO  page.GlobalFunctions actualText Logout expectedText Logout
2023-10-30 12:45:55.444 INFO  page.GlobalFunctions Taking screen shot....
2023-10-30 12:45:55.493 INFO  page.GlobalFunctions Element is displayed [[ChromeDriver: chrome on windows (6e8c63b2693c6617bbd94442dcb675f3)] -> xpath: //*[@class ='MuiButtonBase-root MuiMenuItem-root MuiMenuItem-dense MuiMenuItem-gutters MuiMenuItem-root MuiMenuItem-dense MuiMenuItem-gutters css-7zzzi9']]
2023-10-30 12:45:55.815 INFO  page.GlobalFunctions Taking screen shot....
2023-10-30 12:45:55.965 INFO  page.GlobalFunctions Taking screen shot....
2023-10-30 12:45:56.228 INFO  utility.ReadXml Key:login to dms value: Login To DMS
2023-10-30 12:45:56.228 INFO  page.GlobalFunctions text value is  Login To DMS
2023-10-30 12:45:56.281 INFO  page.GlobalFunctions actualText Login To DMS expectedText Login To DMS
2023-10-30 12:48:13.538 INFO  page.CommonPage launching Vender application
2023-10-30 12:48:13.783 INFO  page.GlobalFunctions Taking screen shot....
2023-10-30 12:48:13.810 INFO  utility.ReadXml Key:forgot password value: Forgot Password
2023-10-30 12:48:13.810 INFO  page.GlobalFunctions text value is  Forgot Password
2023-10-30 12:48:13.839 INFO  page.GlobalFunctions actualText Forgot Password expectedText Forgot Password
2023-10-30 12:48:13.947 INFO  page.GlobalFunctions Taking screen shot....
2023-10-30 12:48:13.959 INFO  utility.ReadXml Key:user name default text value: Enter Your User Name *
2023-10-30 12:48:13.960 INFO  page.GlobalFunctions text value is  Enter Your User Name *
2023-10-30 12:48:14.024 INFO  page.GlobalFunctions checked all the element in list
2023-10-30 12:48:14.120 INFO  page.GlobalFunctions Taking screen shot....
2023-10-30 12:48:14.132 INFO  utility.ReadXml Key:password default text value: Password *
2023-10-30 12:48:14.132 INFO  page.GlobalFunctions text value is  Password *
2023-10-30 12:48:14.421 INFO  page.GlobalFunctions checked all the element in list
2023-10-30 12:48:14.529 INFO  page.GlobalFunctions Taking screen shot....
2023-10-30 12:48:14.538 INFO  utility.ReadXml Key:or field value: OR
2023-10-30 12:48:14.538 INFO  page.GlobalFunctions text value is  OR
2023-10-30 12:48:14.560 INFO  page.GlobalFunctions actualText OR expectedText OR
2023-10-30 12:48:14.650 INFO  page.GlobalFunctions Taking screen shot....
2023-10-30 12:48:14.659 INFO  utility.ReadXml Key:login to dms value: Login To DMS
2023-10-30 12:48:14.659 INFO  page.GlobalFunctions text value is  Login To DMS
2023-10-30 13:36:00.308 INFO  page.CommonPage launching Vender application
2023-10-30 13:36:00.445 INFO  page.GlobalFunctions Taking screen shot....
2023-10-30 13:36:00.469 INFO  utility.ReadXml Key:user name value: null
2023-10-30 13:36:00.472 INFO  utility.ReadXml Key:user name value: Jayalakshmi.X-Hegde@neviton.com
2023-10-30 13:36:00.472 INFO  page.GlobalFunctions text value is  Jayalakshmi.X-Hegde@neviton.com
2023-10-30 13:36:00.698 INFO  page.GlobalFunctions Element is displayed [[ChromeDriver: chrome on windows (be3186d7bfd5b92514f34f6116ff4d73)] -> id: Username]
2023-10-30 13:36:00.762 INFO  page.GlobalFunctions Text in the field is cleard [[ChromeDriver: chrome on windows (be3186d7bfd5b92514f34f6116ff4d73)] -> id: Username]
2023-10-30 13:36:00.994 INFO  page.GlobalFunctions Enter the value Jayalakshmi.X-Hegde@neviton.com
2023-10-30 13:36:01.174 INFO  page.GlobalFunctions Taking screen shot....
2023-10-30 13:36:01.192 INFO  utility.ReadXml Key:password value: null
2023-10-30 13:36:01.194 INFO  utility.ReadXml Key:password value: NRXcZ93suQ
2023-10-30 13:36:01.194 INFO  page.GlobalFunctions text value is  NRXcZ93suQ
2023-10-30 13:36:01.235 INFO  page.GlobalFunctions Element is displayed [[ChromeDriver: chrome on windows (be3186d7bfd5b92514f34f6116ff4d73)] -> id: outlined-adornment-password]
2023-10-30 13:36:01.276 INFO  page.GlobalFunctions Text in the field is cleard [[ChromeDriver: chrome on windows (be3186d7bfd5b92514f34f6116ff4d73)] -> id: outlined-adornment-password]
2023-10-30 13:36:01.370 INFO  page.GlobalFunctions Enter the value NRXcZ93suQ
2023-10-30 13:36:01.506 INFO  page.GlobalFunctions Taking screen shot....
2023-10-30 13:36:01.555 INFO  page.GlobalFunctions Element is displayed [[ChromeDriver: chrome on windows (be3186d7bfd5b92514f34f6116ff4d73)] -> xpath: //*[@data-testid='VisibilityIcon']]
2023-10-30 13:36:01.754 INFO  page.GlobalFunctions Taking screen shot....
2023-10-30 13:36:01.841 INFO  page.GlobalFunctions Element is displayed [[ChromeDriver: chrome on windows (be3186d7bfd5b92514f34f6116ff4d73)] -> xpath: //*[@data-testid='VisibilityOffIcon']]
2023-10-30 13:36:01.976 INFO  page.GlobalFunctions Taking screen shot....
2023-10-30 13:36:02.015 INFO  page.GlobalFunctions Element is displayed [[ChromeDriver: chrome on windows (be3186d7bfd5b92514f34f6116ff4d73)] -> xpath: //*[@data-testid='VisibilityOffIcon']]
2023-10-30 13:36:02.178 INFO  page.GlobalFunctions Taking screen shot....
2023-10-30 13:36:02.241 INFO  page.GlobalFunctions Element is displayed [[ChromeDriver: chrome on windows (be3186d7bfd5b92514f34f6116ff4d73)] -> xpath: //*[@data-testid='VisibilityIcon']]
2023-10-30 13:36:02.376 INFO  page.GlobalFunctions Taking screen shot....
2023-10-30 13:36:02.421 INFO  page.GlobalFunctions Element is displayed [[ChromeDriver: chrome on windows (be3186d7bfd5b92514f34f6116ff4d73)] -> xpath: //button[text()='Login']]
2023-10-30 13:36:02.596 INFO  page.GlobalFunctions Taking screen shot....
2023-10-30 13:36:02.607 INFO  utility.ReadXml Key:txt full name value: null
2023-10-30 13:36:02.609 INFO  utility.ReadXml Key:txt full name value: Jayalakshmi Hegde
2023-10-30 13:36:02.609 INFO  page.GlobalFunctions text value is  Jayalakshmi Hegde
2023-10-30 13:36:07.361 INFO  page.GlobalFunctions actualText Jayalakshmi Hegde expectedText Jayalakshmi Hegde
2023-10-30 13:36:07.463 INFO  page.GlobalFunctions Taking screen shot....
2023-10-30 13:36:07.472 INFO  utility.ReadXml Key:txt email id value: null
2023-10-30 13:36:07.474 INFO  utility.ReadXml Key:txt email id value: Jayalakshmi.X-Hegde@neviton.com
2023-10-30 13:36:07.474 INFO  page.GlobalFunctions text value is  Jayalakshmi.X-Hegde@neviton.com
2023-10-30 13:36:07.501 INFO  page.GlobalFunctions actualText Jayalakshmi.X-Hegde@neviton.com expectedText Jayalakshmi.X-Hegde@neviton.com
2023-10-30 13:36:07.586 INFO  page.GlobalFunctions Taking screen shot....
2023-10-30 13:36:07.716 INFO  page.GlobalFunctions Taking screen shot....
2023-10-30 13:37:36.860 INFO  page.CommonPage launching Vender application
2023-10-30 13:37:37.100 INFO  page.GlobalFunctions Taking screen shot....
2023-10-30 13:37:37.128 INFO  utility.ReadXml Key:user name value: null
2023-10-30 13:37:37.131 INFO  utility.ReadXml Key:user name value: Jayalakshmi.X-Hegde@neviton.com
2023-10-30 13:37:37.131 INFO  page.GlobalFunctions text value is  Jayalakshmi.X-Hegde@neviton.com
2023-10-30 13:37:37.170 INFO  page.GlobalFunctions Element is displayed [[ChromeDriver: chrome on windows (237394a4a0263cff4df7c3b27565f839)] -> id: Username]
2023-10-30 13:37:37.214 INFO  page.GlobalFunctions Text in the field is cleard [[ChromeDriver: chrome on windows (237394a4a0263cff4df7c3b27565f839)] -> id: Username]
2023-10-30 13:37:37.402 INFO  page.GlobalFunctions Enter the value Jayalakshmi.X-Hegde@neviton.com
2023-10-30 13:37:37.534 INFO  page.GlobalFunctions Taking screen shot....
2023-10-30 13:37:37.545 INFO  utility.ReadXml Key:password value: null
2023-10-30 13:37:37.547 INFO  utility.ReadXml Key:password value: NRXcZ93suQ
2023-10-30 13:37:37.547 INFO  page.GlobalFunctions text value is  NRXcZ93suQ
2023-10-30 13:37:37.579 INFO  page.GlobalFunctions Element is displayed [[ChromeDriver: chrome on windows (237394a4a0263cff4df7c3b27565f839)] -> id: outlined-adornment-password]
2023-10-30 13:37:37.612 INFO  page.GlobalFunctions Text in the field is cleard [[ChromeDriver: chrome on windows (237394a4a0263cff4df7c3b27565f839)] -> id: outlined-adornment-password]
2023-10-30 13:37:37.697 INFO  page.GlobalFunctions Enter the value NRXcZ93suQ
2023-10-30 13:37:37.826 INFO  page.GlobalFunctions Taking screen shot....
2023-10-30 13:37:37.864 INFO  page.GlobalFunctions Element is displayed [[ChromeDriver: chrome on windows (237394a4a0263cff4df7c3b27565f839)] -> xpath: //*[@data-testid='VisibilityIcon']]
2023-10-30 13:37:38.023 INFO  page.GlobalFunctions Taking screen shot....
2023-10-30 13:37:38.076 INFO  page.GlobalFunctions Element is displayed [[ChromeDriver: chrome on windows (237394a4a0263cff4df7c3b27565f839)] -> xpath: //*[@data-testid='VisibilityOffIcon']]
2023-10-30 13:37:38.197 INFO  page.GlobalFunctions Taking screen shot....
2023-10-30 13:37:38.232 INFO  page.GlobalFunctions Element is displayed [[ChromeDriver: chrome on windows (237394a4a0263cff4df7c3b27565f839)] -> xpath: //*[@data-testid='VisibilityOffIcon']]
2023-10-30 13:37:38.409 INFO  page.GlobalFunctions Taking screen shot....
2023-10-30 13:37:38.454 INFO  page.GlobalFunctions Element is displayed [[ChromeDriver: chrome on windows (237394a4a0263cff4df7c3b27565f839)] -> xpath: //*[@data-testid='VisibilityIcon']]
2023-10-30 13:37:38.588 INFO  page.GlobalFunctions Taking screen shot....
2023-10-30 13:37:38.625 INFO  page.GlobalFunctions Element is displayed [[ChromeDriver: chrome on windows (237394a4a0263cff4df7c3b27565f839)] -> xpath: //button[text()='Login']]
2023-10-30 13:37:38.795 INFO  page.GlobalFunctions Taking screen shot....
2023-10-30 13:37:38.806 INFO  utility.ReadXml Key:txt full name value: null
2023-10-30 13:37:38.808 INFO  utility.ReadXml Key:txt full name value: Jayalakshmi Hegde
2023-10-30 13:37:38.809 INFO  page.GlobalFunctions text value is  Jayalakshmi Hegde
2023-10-30 13:37:43.114 INFO  page.GlobalFunctions actualText Jayalakshmi Hegde expectedText Jayalakshmi Hegde
2023-10-30 13:37:43.223 INFO  page.GlobalFunctions Taking screen shot....
2023-10-30 13:37:43.231 INFO  utility.ReadXml Key:txt email id value: null
2023-10-30 13:37:43.233 INFO  utility.ReadXml Key:txt email id value: Jayalakshmi.X-Hegde@neviton.com
2023-10-30 13:37:43.233 INFO  page.GlobalFunctions text value is  Jayalakshmi.X-Hegde@neviton.com
2023-10-30 13:37:43.255 INFO  page.GlobalFunctions actualText Jayalakshmi.X-Hegde@neviton.com expectedText Jayalakshmi.X-Hegde@neviton.com
2023-10-30 13:37:43.329 INFO  page.GlobalFunctions Taking screen shot....
2023-10-30 15:07:52.991 INFO  page.CommonPage launching Vender application
2023-10-30 15:07:53.128 INFO  page.GlobalFunctions Taking screen shot....
2023-10-30 15:07:53.158 INFO  utility.ReadXml Key:user name value: null
2023-10-30 15:07:53.160 INFO  utility.ReadXml Key:user name value: Jayalakshmi.X-Hegde@neviton.com
2023-10-30 15:07:53.160 INFO  page.GlobalFunctions text value is  Jayalakshmi.X-Hegde@neviton.com
2023-10-30 15:07:53.212 INFO  page.GlobalFunctions Element is displayed [[ChromeDriver: chrome on windows (ce033a5215e25db8c198e727b01d3348)] -> id: Username]
2023-10-30 15:07:53.259 INFO  page.GlobalFunctions Text in the field is cleard [[ChromeDriver: chrome on windows (ce033a5215e25db8c198e727b01d3348)] -> id: Username]
2023-10-30 15:07:53.454 INFO  page.GlobalFunctions Enter the value Jayalakshmi.X-Hegde@neviton.com
2023-10-30 15:07:53.633 INFO  page.GlobalFunctions Taking screen shot....
2023-10-30 15:07:53.646 INFO  utility.ReadXml Key:password value: null
2023-10-30 15:07:53.648 INFO  utility.ReadXml Key:password value: NRXcZ93suQ
2023-10-30 15:07:53.648 INFO  page.GlobalFunctions text value is  NRXcZ93suQ
2023-10-30 15:07:53.689 INFO  page.GlobalFunctions Element is displayed [[ChromeDriver: chrome on windows (ce033a5215e25db8c198e727b01d3348)] -> id: outlined-adornment-password]
2023-10-30 15:07:53.727 INFO  page.GlobalFunctions Text in the field is cleard [[ChromeDriver: chrome on windows (ce033a5215e25db8c198e727b01d3348)] -> id: outlined-adornment-password]
2023-10-30 15:07:53.822 INFO  page.GlobalFunctions Enter the value NRXcZ93suQ
2023-10-30 15:07:53.965 INFO  page.GlobalFunctions Taking screen shot....
2023-10-30 15:07:54.011 INFO  page.GlobalFunctions Element is displayed [[ChromeDriver: chrome on windows (ce033a5215e25db8c198e727b01d3348)] -> xpath: //button[text()='Login']]
2023-10-30 15:07:54.226 INFO  page.GlobalFunctions Taking screen shot....
2023-10-30 15:07:54.238 INFO  utility.ReadXml Key:txt full name value: null
2023-10-30 15:07:54.241 INFO  utility.ReadXml Key:txt full name value: Jayalakshmi Hegde
2023-10-30 15:07:54.241 INFO  page.GlobalFunctions text value is  Jayalakshmi Hegde
2023-10-30 15:08:03.176 INFO  page.GlobalFunctions actualText Jayalakshmi Hegde expectedText Jayalakshmi Hegde
2023-10-30 15:08:03.260 INFO  page.GlobalFunctions Taking screen shot....
2023-10-30 15:08:03.269 INFO  utility.ReadXml Key:txt email id value: null
2023-10-30 15:08:03.271 INFO  utility.ReadXml Key:txt email id value: Jayalakshmi.X-Hegde@neviton.com
2023-10-30 15:08:03.271 INFO  page.GlobalFunctions text value is  Jayalakshmi.X-Hegde@neviton.com
2023-10-30 15:08:03.298 INFO  page.GlobalFunctions actualText Jayalakshmi.X-Hegde@neviton.com expectedText Jayalakshmi.X-Hegde@neviton.com
2023-10-30 15:08:03.380 INFO  page.GlobalFunctions Taking screen shot....
2023-10-30 15:08:03.418 INFO  page.GlobalFunctions Open new window
2023-10-30 15:08:08.939 INFO  page.GlobalFunctions Taking screen shot....
2023-10-30 15:14:28.176 INFO  page.CommonPage launching Vender application
2023-10-30 15:14:28.303 INFO  page.GlobalFunctions Taking screen shot....
2023-10-30 15:14:28.331 INFO  utility.ReadXml Key:user name value: null
2023-10-30 15:14:28.333 INFO  utility.ReadXml Key:user name value: Jayalakshmi.X-Hegde@neviton.com
2023-10-30 15:14:28.333 INFO  page.GlobalFunctions text value is  Jayalakshmi.X-Hegde@neviton.com
2023-10-30 15:14:28.376 INFO  page.GlobalFunctions Element is displayed [[ChromeDriver: chrome on windows (f20a962e6c74eee316512bf652895b04)] -> id: Username]
2023-10-30 15:14:28.420 INFO  page.GlobalFunctions Text in the field is cleard [[ChromeDriver: chrome on windows (f20a962e6c74eee316512bf652895b04)] -> id: Username]
2023-10-30 15:14:28.597 INFO  page.GlobalFunctions Enter the value Jayalakshmi.X-Hegde@neviton.com
2023-10-30 15:14:28.762 INFO  page.GlobalFunctions Taking screen shot....
2023-10-30 15:14:28.775 INFO  utility.ReadXml Key:password value: null
2023-10-30 15:14:28.778 INFO  utility.ReadXml Key:password value: NRXcZ93suQ
2023-10-30 15:14:28.779 INFO  page.GlobalFunctions text value is  NRXcZ93suQ
2023-10-30 15:14:28.813 INFO  page.GlobalFunctions Element is displayed [[ChromeDriver: chrome on windows (f20a962e6c74eee316512bf652895b04)] -> id: outlined-adornment-password]
2023-10-30 15:14:28.849 INFO  page.GlobalFunctions Text in the field is cleard [[ChromeDriver: chrome on windows (f20a962e6c74eee316512bf652895b04)] -> id: outlined-adornment-password]
2023-10-30 15:14:28.937 INFO  page.GlobalFunctions Enter the value NRXcZ93suQ
2023-10-30 15:14:29.083 INFO  page.GlobalFunctions Taking screen shot....
2023-10-30 15:14:29.123 INFO  page.GlobalFunctions Element is displayed [[ChromeDriver: chrome on windows (f20a962e6c74eee316512bf652895b04)] -> xpath: //button[text()='Login']]
2023-10-30 15:14:29.301 INFO  page.GlobalFunctions Taking screen shot....
2023-10-30 15:14:29.313 INFO  utility.ReadXml Key:txt full name value: null
2023-10-30 15:14:29.316 INFO  utility.ReadXml Key:txt full name value: Jayalakshmi Hegde
2023-10-30 15:14:29.316 INFO  page.GlobalFunctions text value is  Jayalakshmi Hegde
2023-10-30 15:14:31.613 INFO  page.GlobalFunctions actualText Jayalakshmi Hegde expectedText Jayalakshmi Hegde
2023-10-30 15:14:31.758 INFO  page.GlobalFunctions Taking screen shot....
2023-10-30 15:14:31.766 INFO  utility.ReadXml Key:txt email id value: null
2023-10-30 15:14:31.768 INFO  utility.ReadXml Key:txt email id value: Jayalakshmi.X-Hegde@neviton.com
2023-10-30 15:14:31.768 INFO  page.GlobalFunctions text value is  Jayalakshmi.X-Hegde@neviton.com
2023-10-30 15:14:31.795 INFO  page.GlobalFunctions actualText Jayalakshmi.X-Hegde@neviton.com expectedText Jayalakshmi.X-Hegde@neviton.com
2023-10-30 15:14:31.898 INFO  page.GlobalFunctions Taking screen shot....
2023-10-30 15:14:31.945 INFO  page.GlobalFunctions Open new window
2023-10-30 15:17:56.043 INFO  page.GlobalFunctions Taking screen shot....
2023-10-30 15:20:18.728 INFO  page.CommonPage launching Vender application
2023-10-30 15:20:18.872 INFO  page.GlobalFunctions Taking screen shot....
2023-10-30 15:20:18.895 INFO  utility.ReadXml Key:user name value: null
2023-10-30 15:20:18.898 INFO  utility.ReadXml Key:user name value: Jayalakshmi.X-Hegde@neviton.com
2023-10-30 15:20:18.898 INFO  page.GlobalFunctions text value is  Jayalakshmi.X-Hegde@neviton.com
2023-10-30 15:20:19.022 INFO  page.GlobalFunctions Element is displayed [[ChromeDriver: chrome on windows (586db63b97d3a081a7ef6f5419698574)] -> id: Username]
2023-10-30 15:20:19.096 INFO  page.GlobalFunctions Text in the field is cleard [[ChromeDriver: chrome on windows (586db63b97d3a081a7ef6f5419698574)] -> id: Username]
2023-10-30 15:20:19.296 INFO  page.GlobalFunctions Enter the value Jayalakshmi.X-Hegde@neviton.com
2023-10-30 15:20:19.489 INFO  page.GlobalFunctions Taking screen shot....
2023-10-30 15:20:19.505 INFO  utility.ReadXml Key:password value: null
2023-10-30 15:20:19.508 INFO  utility.ReadXml Key:password value: NRXcZ93suQ
2023-10-30 15:20:19.509 INFO  page.GlobalFunctions text value is  NRXcZ93suQ
2023-10-30 15:20:19.558 INFO  page.GlobalFunctions Element is displayed [[ChromeDriver: chrome on windows (586db63b97d3a081a7ef6f5419698574)] -> id: outlined-adornment-password]
2023-10-30 15:20:19.600 INFO  page.GlobalFunctions Text in the field is cleard [[ChromeDriver: chrome on windows (586db63b97d3a081a7ef6f5419698574)] -> id: outlined-adornment-password]
2023-10-30 15:20:19.695 INFO  page.GlobalFunctions Enter the value NRXcZ93suQ
2023-10-30 15:20:19.829 INFO  page.GlobalFunctions Taking screen shot....
2023-10-30 15:20:19.874 INFO  page.GlobalFunctions Element is displayed [[ChromeDriver: chrome on windows (586db63b97d3a081a7ef6f5419698574)] -> xpath: //button[text()='Login']]
2023-10-30 15:20:20.062 INFO  page.GlobalFunctions Taking screen shot....
2023-10-30 15:20:20.074 INFO  utility.ReadXml Key:txt full name value: null
2023-10-30 15:20:20.075 INFO  utility.ReadXml Key:txt full name value: Jayalakshmi Hegde
2023-10-30 15:20:20.075 INFO  page.GlobalFunctions text value is  Jayalakshmi Hegde
2023-10-30 15:20:28.287 INFO  page.GlobalFunctions actualText Jayalakshmi Hegde expectedText Jayalakshmi Hegde
2023-10-30 15:20:28.391 INFO  page.GlobalFunctions Taking screen shot....
2023-10-30 15:20:28.400 INFO  utility.ReadXml Key:txt email id value: null
2023-10-30 15:20:28.403 INFO  utility.ReadXml Key:txt email id value: Jayalakshmi.X-Hegde@neviton.com
2023-10-30 15:20:28.403 INFO  page.GlobalFunctions text value is  Jayalakshmi.X-Hegde@neviton.com
2023-10-30 15:20:28.432 INFO  page.GlobalFunctions actualText Jayalakshmi.X-Hegde@neviton.com expectedText Jayalakshmi.X-Hegde@neviton.com
2023-10-30 15:20:28.514 INFO  page.GlobalFunctions Taking screen shot....
2023-10-30 15:20:28.570 INFO  page.GlobalFunctions Open new window
2023-10-30 15:20:32.604 INFO  page.GlobalFunctions Taking screen shot....
2023-10-30 15:20:51.086 INFO  page.CommonPage launching Vender application
2023-10-30 15:20:51.243 INFO  page.GlobalFunctions Taking screen shot....
2023-10-30 15:20:51.298 INFO  page.GlobalFunctions Element is displayed [[ChromeDriver: chrome on windows (586db63b97d3a081a7ef6f5419698574)] -> xpath: //*[@class ='MuiSvgIcon-root MuiSvgIcon-fontSizeInherit css-1cw4hi4']]
2023-10-30 15:20:51.516 INFO  page.GlobalFunctions Taking screen shot....
2023-10-30 15:20:51.525 INFO  utility.ReadXml Key:logout option name value: Logout
2023-10-30 15:20:51.525 INFO  page.GlobalFunctions text value is  Logout
2023-10-30 15:20:51.552 INFO  page.GlobalFunctions actualText Logout expectedText Logout
2023-10-30 15:20:51.703 INFO  page.GlobalFunctions Taking screen shot....
2023-10-30 15:20:51.750 INFO  page.GlobalFunctions Element is displayed [[ChromeDriver: chrome on windows (586db63b97d3a081a7ef6f5419698574)] -> xpath: //*[@class ='MuiButtonBase-root MuiMenuItem-root MuiMenuItem-dense MuiMenuItem-gutters MuiMenuItem-root MuiMenuItem-dense MuiMenuItem-gutters css-7zzzi9']]
2023-10-30 15:20:52.082 INFO  page.GlobalFunctions Taking screen shot....
2023-10-30 15:35:12.045 INFO  page.CommonPage launching Vender application
2023-10-30 15:35:12.207 INFO  page.GlobalFunctions Taking screen shot....
2023-10-30 15:35:12.226 INFO  utility.ReadXml Key:user name value: null
2023-10-30 15:35:12.228 INFO  utility.ReadXml Key:user name value: Jayalakshmi.X-Hegde@neviton.com
2023-10-30 15:35:12.228 INFO  page.GlobalFunctions text value is  Jayalakshmi.X-Hegde@neviton.com
2023-10-30 15:35:12.394 INFO  page.GlobalFunctions Element is displayed [[ChromeDriver: chrome on windows (f826e0d1e6cf8569eb21696768a48d5d)] -> id: Username]
2023-10-30 15:35:12.456 INFO  page.GlobalFunctions Text in the field is cleard [[ChromeDriver: chrome on windows (f826e0d1e6cf8569eb21696768a48d5d)] -> id: Username]
2023-10-30 15:35:12.638 INFO  page.GlobalFunctions Enter the value Jayalakshmi.X-Hegde@neviton.com
2023-10-30 15:35:12.775 INFO  page.GlobalFunctions Taking screen shot....
2023-10-30 15:35:12.794 INFO  utility.ReadXml Key:password value: null
2023-10-30 15:35:12.797 INFO  utility.ReadXml Key:password value: NRXcZ93suQ
2023-10-30 15:35:12.797 INFO  page.GlobalFunctions text value is  NRXcZ93suQ
2023-10-30 15:35:12.834 INFO  page.GlobalFunctions Element is displayed [[ChromeDriver: chrome on windows (f826e0d1e6cf8569eb21696768a48d5d)] -> id: outlined-adornment-password]
2023-10-30 15:35:12.870 INFO  page.GlobalFunctions Text in the field is cleard [[ChromeDriver: chrome on windows (f826e0d1e6cf8569eb21696768a48d5d)] -> id: outlined-adornment-password]
2023-10-30 15:35:12.954 INFO  page.GlobalFunctions Enter the value NRXcZ93suQ
2023-10-30 15:35:13.083 INFO  page.GlobalFunctions Taking screen shot....
2023-10-30 15:35:13.129 INFO  page.GlobalFunctions Element is displayed [[ChromeDriver: chrome on windows (f826e0d1e6cf8569eb21696768a48d5d)] -> xpath: //button[text()='Login']]
2023-10-30 15:35:13.318 INFO  page.GlobalFunctions Taking screen shot....
2023-10-30 15:35:13.329 INFO  utility.ReadXml Key:txt full name value: null
2023-10-30 15:35:13.331 INFO  utility.ReadXml Key:txt full name value: Jayalakshmi Hegde
2023-10-30 15:35:13.331 INFO  page.GlobalFunctions text value is  Jayalakshmi Hegde
2023-10-30 15:35:15.927 INFO  page.GlobalFunctions actualText Jayalakshmi Hegde expectedText Jayalakshmi Hegde
2023-10-30 15:35:16.048 INFO  page.GlobalFunctions Taking screen shot....
2023-10-30 15:35:16.061 INFO  utility.ReadXml Key:txt email id value: null
2023-10-30 15:35:16.064 INFO  utility.ReadXml Key:txt email id value: Jayalakshmi.X-Hegde@neviton.com
2023-10-30 15:35:16.064 INFO  page.GlobalFunctions text value is  Jayalakshmi.X-Hegde@neviton.com
2023-10-30 15:35:16.088 INFO  page.GlobalFunctions actualText Jayalakshmi.X-Hegde@neviton.com expectedText Jayalakshmi.X-Hegde@neviton.com
2023-10-30 15:35:16.171 INFO  page.GlobalFunctions Taking screen shot....
2023-10-30 15:35:16.213 INFO  page.GlobalFunctions Open new window
2023-10-30 15:35:16.362 INFO  page.GlobalFunctions Taking screen shot....
2023-10-30 15:35:16.482 INFO  page.CommonPage launching Vender application
2023-10-30 15:35:16.645 INFO  page.GlobalFunctions Taking screen shot....
2023-10-30 15:35:16.655 INFO  utility.ReadXml Key:txt full name value: null
2023-10-30 15:35:16.659 INFO  utility.ReadXml Key:txt full name value: Jayalakshmi Hegde
2023-10-30 15:35:16.659 INFO  page.GlobalFunctions text value is  Jayalakshmi Hegde
2023-10-30 15:35:16.709 INFO  page.GlobalFunctions actualText Jayalakshmi Hegde expectedText Jayalakshmi Hegde
2023-10-30 15:35:16.812 INFO  page.GlobalFunctions Taking screen shot....
2023-10-30 15:35:16.826 INFO  utility.ReadXml Key:txt email id value: null
2023-10-30 15:35:16.829 INFO  utility.ReadXml Key:txt email id value: Jayalakshmi.X-Hegde@neviton.com
2023-10-30 15:35:16.829 INFO  page.GlobalFunctions text value is  Jayalakshmi.X-Hegde@neviton.com
2023-10-30 15:35:16.849 INFO  page.GlobalFunctions actualText Jayalakshmi.X-Hegde@neviton.com expectedText Jayalakshmi.X-Hegde@neviton.com
2023-10-30 15:35:16.943 INFO  page.GlobalFunctions Taking screen shot....
2023-10-30 15:35:17.233 INFO  page.GlobalFunctions Taking screen shot....
2023-10-30 15:35:17.243 INFO  utility.ReadXml Key:txt full name value: null
2023-10-30 15:35:17.247 INFO  utility.ReadXml Key:txt full name value: Jayalakshmi Hegde
2023-10-30 15:35:17.247 INFO  page.GlobalFunctions text value is  Jayalakshmi Hegde
2023-10-30 15:35:17.297 INFO  page.GlobalFunctions actualText Jayalakshmi Hegde expectedText Jayalakshmi Hegde
2023-10-30 15:35:17.382 INFO  page.GlobalFunctions Taking screen shot....
2023-10-30 15:35:17.394 INFO  utility.ReadXml Key:txt email id value: null
2023-10-30 15:35:17.398 INFO  utility.ReadXml Key:txt email id value: Jayalakshmi.X-Hegde@neviton.com
2023-10-30 15:35:17.398 INFO  page.GlobalFunctions text value is  Jayalakshmi.X-Hegde@neviton.com
2023-10-30 15:35:17.414 INFO  page.GlobalFunctions actualText Jayalakshmi.X-Hegde@neviton.com expectedText Jayalakshmi.X-Hegde@neviton.com
2023-10-30 15:35:17.515 INFO  page.GlobalFunctions Taking screen shot....
2023-10-30 15:35:17.558 INFO  page.GlobalFunctions Element is displayed [[ChromeDriver: chrome on windows (f826e0d1e6cf8569eb21696768a48d5d)] -> xpath: //*[@class ='MuiSvgIcon-root MuiSvgIcon-fontSizeInherit css-1cw4hi4']]
2023-10-30 15:35:17.753 INFO  page.GlobalFunctions Taking screen shot....
2023-10-30 15:35:17.763 INFO  utility.ReadXml Key:logout option name value: Logout
2023-10-30 15:35:17.763 INFO  page.GlobalFunctions text value is  Logout
2023-10-30 15:35:17.788 INFO  page.GlobalFunctions actualText Logout expectedText Logout
2023-10-30 15:35:17.927 INFO  page.GlobalFunctions Taking screen shot....
2023-10-30 15:35:17.966 INFO  page.GlobalFunctions Element is displayed [[ChromeDriver: chrome on windows (f826e0d1e6cf8569eb21696768a48d5d)] -> xpath: //*[@class ='MuiButtonBase-root MuiMenuItem-root MuiMenuItem-dense MuiMenuItem-gutters MuiMenuItem-root MuiMenuItem-dense MuiMenuItem-gutters css-7zzzi9']]
2023-10-30 15:35:18.193 INFO  page.GlobalFunctions Taking screen shot....
2023-10-30 15:35:18.326 INFO  page.GlobalFunctions Taking screen shot....
2023-10-30 15:35:18.442 INFO  page.GlobalFunctions Taking screen shot....
2023-10-30 15:35:18.451 INFO  utility.ReadXml Key:login to dms value: Login To DMS
2023-10-30 15:35:18.451 INFO  page.GlobalFunctions text value is  Login To DMS
2023-10-30 15:35:43.441 INFO  page.GlobalFunctions actualText Login To DMS expectedText Login To DMS
2023-10-30 15:35:43.542 INFO  page.GlobalFunctions Taking screen shot....
2023-10-30 15:37:18.970 INFO  page.CommonPage launching Vender application
2023-10-30 15:37:19.261 INFO  page.GlobalFunctions Taking screen shot....
2023-10-30 15:37:19.292 INFO  utility.ReadXml Key:user name value: null
2023-10-30 15:37:19.294 INFO  utility.ReadXml Key:user name value: Jayalakshmi.X-Hegde@neviton.com
2023-10-30 15:37:19.294 INFO  page.GlobalFunctions text value is  Jayalakshmi.X-Hegde@neviton.com
2023-10-30 15:37:19.340 INFO  page.GlobalFunctions Element is displayed [[ChromeDriver: chrome on windows (e75de1b85dee80f245c12f50819e0604)] -> id: Username]
2023-10-30 15:37:19.391 INFO  page.GlobalFunctions Text in the field is cleard [[ChromeDriver: chrome on windows (e75de1b85dee80f245c12f50819e0604)] -> id: Username]
2023-10-30 15:37:19.606 INFO  page.GlobalFunctions Enter the value Jayalakshmi.X-Hegde@neviton.com
2023-10-30 15:37:19.751 INFO  page.GlobalFunctions Taking screen shot....
2023-10-30 15:37:19.763 INFO  utility.ReadXml Key:password value: null
2023-10-30 15:37:19.765 INFO  utility.ReadXml Key:password value: NRXcZ93suQ
2023-10-30 15:37:19.765 INFO  page.GlobalFunctions text value is  NRXcZ93suQ
2023-10-30 15:37:19.807 INFO  page.GlobalFunctions Element is displayed [[ChromeDriver: chrome on windows (e75de1b85dee80f245c12f50819e0604)] -> id: outlined-adornment-password]
2023-10-30 15:37:19.850 INFO  page.GlobalFunctions Text in the field is cleard [[ChromeDriver: chrome on windows (e75de1b85dee80f245c12f50819e0604)] -> id: outlined-adornment-password]
2023-10-30 15:37:19.944 INFO  page.GlobalFunctions Enter the value NRXcZ93suQ
2023-10-30 15:37:20.095 INFO  page.GlobalFunctions Taking screen shot....
2023-10-30 15:37:20.140 INFO  page.GlobalFunctions Element is displayed [[ChromeDriver: chrome on windows (e75de1b85dee80f245c12f50819e0604)] -> xpath: //button[text()='Login']]
2023-10-30 15:37:20.363 INFO  page.GlobalFunctions Taking screen shot....
2023-10-30 15:37:20.375 INFO  utility.ReadXml Key:txt full name value: null
2023-10-30 15:37:20.378 INFO  utility.ReadXml Key:txt full name value: Jayalakshmi Hegde
2023-10-30 15:37:20.380 INFO  page.GlobalFunctions text value is  Jayalakshmi Hegde
2023-10-30 15:37:30.729 INFO  page.GlobalFunctions actualText Jayalakshmi Hegde expectedText Jayalakshmi Hegde
2023-10-30 15:37:30.834 INFO  page.GlobalFunctions Taking screen shot....
2023-10-30 15:37:30.843 INFO  utility.ReadXml Key:txt email id value: null
2023-10-30 15:37:30.845 INFO  utility.ReadXml Key:txt email id value: Jayalakshmi.X-Hegde@neviton.com
2023-10-30 15:37:30.845 INFO  page.GlobalFunctions text value is  Jayalakshmi.X-Hegde@neviton.com
2023-10-30 15:37:30.873 INFO  page.GlobalFunctions actualText Jayalakshmi.X-Hegde@neviton.com expectedText Jayalakshmi.X-Hegde@neviton.com
2023-10-30 15:37:30.961 INFO  page.GlobalFunctions Taking screen shot....
2023-10-30 15:37:31.002 INFO  page.GlobalFunctions Open new window
2023-10-30 15:37:31.147 INFO  page.GlobalFunctions Taking screen shot....
2023-10-30 15:37:31.272 INFO  page.CommonPage launching Vender application
2023-10-30 15:37:31.440 INFO  page.GlobalFunctions Taking screen shot....
2023-10-30 15:37:31.452 INFO  utility.ReadXml Key:txt full name value: null
2023-10-30 15:37:31.455 INFO  utility.ReadXml Key:txt full name value: Jayalakshmi Hegde
2023-10-30 15:37:31.455 INFO  page.GlobalFunctions text value is  Jayalakshmi Hegde
2023-10-30 15:37:31.484 INFO  page.GlobalFunctions actualText Jayalakshmi Hegde expectedText Jayalakshmi Hegde
2023-10-30 15:37:31.578 INFO  page.GlobalFunctions Taking screen shot....
2023-10-30 15:37:31.588 INFO  utility.ReadXml Key:txt email id value: null
2023-10-30 15:37:31.591 INFO  utility.ReadXml Key:txt email id value: Jayalakshmi.X-Hegde@neviton.com
2023-10-30 15:37:31.591 INFO  page.GlobalFunctions text value is  Jayalakshmi.X-Hegde@neviton.com
2023-10-30 15:37:31.613 INFO  page.GlobalFunctions actualText Jayalakshmi.X-Hegde@neviton.com expectedText Jayalakshmi.X-Hegde@neviton.com
2023-10-30 15:37:31.686 INFO  page.GlobalFunctions Taking screen shot....
2023-10-30 15:37:49.951 INFO  page.GlobalFunctions Taking screen shot....
2023-10-30 15:37:49.961 INFO  utility.ReadXml Key:txt full name value: null
2023-10-30 15:37:49.963 INFO  utility.ReadXml Key:txt full name value: Jayalakshmi Hegde
2023-10-30 15:37:49.963 INFO  page.GlobalFunctions text value is  Jayalakshmi Hegde
2023-10-30 15:37:49.984 INFO  page.GlobalFunctions actualText Jayalakshmi Hegde expectedText Jayalakshmi Hegde
2023-10-30 15:37:50.070 INFO  page.GlobalFunctions Taking screen shot....
2023-10-30 15:37:50.077 INFO  utility.ReadXml Key:txt email id value: null
2023-10-30 15:37:50.080 INFO  utility.ReadXml Key:txt email id value: Jayalakshmi.X-Hegde@neviton.com
2023-10-30 15:37:50.080 INFO  page.GlobalFunctions text value is  Jayalakshmi.X-Hegde@neviton.com
2023-10-30 15:37:50.097 INFO  page.GlobalFunctions actualText Jayalakshmi.X-Hegde@neviton.com expectedText Jayalakshmi.X-Hegde@neviton.com
2023-10-30 15:37:50.175 INFO  page.GlobalFunctions Taking screen shot....
2023-10-30 15:37:50.216 INFO  page.GlobalFunctions Element is displayed [[ChromeDriver: chrome on windows (e75de1b85dee80f245c12f50819e0604)] -> xpath: //*[@class ='MuiSvgIcon-root MuiSvgIcon-fontSizeInherit css-1cw4hi4']]
2023-10-30 15:37:50.426 INFO  page.GlobalFunctions Taking screen shot....
2023-10-30 15:37:50.436 INFO  utility.ReadXml Key:logout option name value: Logout
2023-10-30 15:37:50.436 INFO  page.GlobalFunctions text value is  Logout
2023-10-30 15:37:50.458 INFO  page.GlobalFunctions actualText Logout expectedText Logout
2023-10-30 15:37:50.582 INFO  page.GlobalFunctions Taking screen shot....
2023-10-30 15:37:50.619 INFO  page.GlobalFunctions Element is displayed [[ChromeDriver: chrome on windows (e75de1b85dee80f245c12f50819e0604)] -> xpath: //*[@class ='MuiButtonBase-root MuiMenuItem-root MuiMenuItem-dense MuiMenuItem-gutters MuiMenuItem-root MuiMenuItem-dense MuiMenuItem-gutters css-7zzzi9']]
2023-10-30 15:37:50.877 INFO  page.GlobalFunctions Taking screen shot....
2023-10-31 12:55:31.740 INFO  page.CommonPage launching Vender application
2023-10-31 12:55:31.868 INFO  page.GlobalFunctions Taking screen shot....
2023-10-31 12:55:31.896 INFO  utility.ReadXml Key:forgot password value: Forgot Password
2023-10-31 12:55:31.896 INFO  page.GlobalFunctions text value is  Forgot Password
2023-10-31 12:55:32.196 INFO  page.GlobalFunctions actualText Forgot Password expectedText Forgot Password
2023-10-31 12:55:32.386 INFO  page.GlobalFunctions Taking screen shot....
2023-10-31 12:55:32.403 INFO  utility.ReadXml Key:user name1 value: null
2023-10-31 12:55:32.405 INFO  utility.ReadXml Key:user name1 value: srinivas@neviton.com
2023-10-31 12:55:32.405 INFO  page.GlobalFunctions text value is  srinivas@neviton.com
2023-10-31 12:55:32.465 INFO  page.GlobalFunctions Element is displayed [[ChromeDriver: chrome on windows (5e11bee3482d853489827d91d58ce98d)] -> id: Username]
2023-10-31 12:55:32.516 INFO  page.GlobalFunctions Text in the field is cleard [[ChromeDriver: chrome on windows (5e11bee3482d853489827d91d58ce98d)] -> id: Username]
2023-10-31 12:55:32.674 INFO  page.GlobalFunctions Enter the value srinivas@neviton.com
2023-10-31 12:55:32.847 INFO  page.GlobalFunctions Taking screen shot....
2023-10-31 12:55:32.981 INFO  page.GlobalFunctions Taking screen shot....
2023-10-31 14:19:31.566 INFO  page.CommonPage launching Vender application
2023-10-31 14:19:31.717 INFO  page.GlobalFunctions Taking screen shot....
2023-10-31 14:19:31.738 INFO  utility.ReadXml Key:forgot password value: Forgot Password
2023-10-31 14:19:31.738 INFO  page.GlobalFunctions text value is  Forgot Password
2023-10-31 14:19:31.991 INFO  page.GlobalFunctions actualText Forgot Password expectedText Forgot Password
2023-10-31 14:19:32.163 INFO  page.GlobalFunctions Taking screen shot....
2023-10-31 14:19:32.178 INFO  utility.ReadXml Key:user name1 value: null
2023-10-31 14:19:32.181 INFO  utility.ReadXml Key:user name1 value: srinivas@neviton.com
2023-10-31 14:19:32.181 INFO  page.GlobalFunctions text value is  srinivas@neviton.com
2023-10-31 14:19:32.223 INFO  page.GlobalFunctions Element is displayed [[ChromeDriver: chrome on windows (9598622b00f03176fa7e10ac3a8b24dd)] -> id: Username]
2023-10-31 14:19:32.269 INFO  page.GlobalFunctions Text in the field is cleard [[ChromeDriver: chrome on windows (9598622b00f03176fa7e10ac3a8b24dd)] -> id: Username]
2023-10-31 14:19:32.408 INFO  page.GlobalFunctions Enter the value srinivas@neviton.com
2023-10-31 14:19:32.558 INFO  page.GlobalFunctions Taking screen shot....
2023-10-31 14:20:01.680 INFO  utility.ReadXml Key:abc value: null
2023-10-31 14:20:01.683 INFO  utility.ReadXml Key:abc value: null
2023-10-31 14:20:01.683 INFO  page.GlobalFunctions text value is  abc
2023-10-31 14:20:06.748 INFO  page.GlobalFunctions Element is displayed [[ChromeDriver: chrome on windows (9598622b00f03176fa7e10ac3a8b24dd)] -> id: outlined-adornment-password]
2023-10-31 14:20:06.787 INFO  page.GlobalFunctions Text in the field is cleard [[ChromeDriver: chrome on windows (9598622b00f03176fa7e10ac3a8b24dd)] -> id: outlined-adornment-password]
2023-10-31 14:20:06.844 INFO  page.GlobalFunctions Enter the value abc
2023-10-31 14:20:13.411 INFO  page.GlobalFunctions Element is displayed [[ChromeDriver: chrome on windows (9598622b00f03176fa7e10ac3a8b24dd)] -> xpath: //button[text()='Login']]
2023-10-31 14:20:13.601 INFO  page.GlobalFunctions Taking screen shot....
2023-10-31 14:22:25.721 INFO  page.CommonPage launching Vender application
2023-10-31 14:22:25.851 INFO  page.GlobalFunctions Taking screen shot....
2023-10-31 14:22:25.872 INFO  utility.ReadXml Key:forgot password value: Forgot Password
2023-10-31 14:22:25.872 INFO  page.GlobalFunctions text value is  Forgot Password
2023-10-31 14:22:26.048 INFO  page.GlobalFunctions actualText Forgot Password expectedText Forgot Password
2023-10-31 14:22:26.188 INFO  page.GlobalFunctions Taking screen shot....
2023-10-31 14:22:26.202 INFO  utility.ReadXml Key:user name1 value: null
2023-10-31 14:22:26.205 INFO  utility.ReadXml Key:user name1 value: srinivas@neviton.com
2023-10-31 14:22:26.205 INFO  page.GlobalFunctions text value is  srinivas@neviton.com
2023-10-31 14:22:26.247 INFO  page.GlobalFunctions Element is displayed [[ChromeDriver: chrome on windows (296ba518c671a76dcd95eadb5597011a)] -> id: Username]
2023-10-31 14:22:26.294 INFO  page.GlobalFunctions Text in the field is cleard [[ChromeDriver: chrome on windows (296ba518c671a76dcd95eadb5597011a)] -> id: Username]
2023-10-31 14:22:26.442 INFO  page.GlobalFunctions Enter the value srinivas@neviton.com
2023-10-31 14:22:26.548 INFO  page.GlobalFunctions Taking screen shot....
2023-10-31 14:22:38.984 INFO  utility.ReadXml Key:abc value: null
2023-10-31 14:22:38.986 INFO  utility.ReadXml Key:abc value: null
2023-10-31 14:22:38.986 INFO  page.GlobalFunctions text value is  abc
2023-10-31 14:22:44.564 INFO  page.GlobalFunctions Element is displayed [[ChromeDriver: chrome on windows (296ba518c671a76dcd95eadb5597011a)] -> id: outlined-adornment-password]
2023-10-31 14:22:44.605 INFO  page.GlobalFunctions Text in the field is cleard [[ChromeDriver: chrome on windows (296ba518c671a76dcd95eadb5597011a)] -> id: outlined-adornment-password]
2023-10-31 14:22:44.660 INFO  page.GlobalFunctions Enter the value abc
2023-10-31 14:22:54.649 INFO  page.GlobalFunctions Element is displayed [[ChromeDriver: chrome on windows (296ba518c671a76dcd95eadb5597011a)] -> xpath: //button[text()='Login']]
2023-10-31 14:23:18.346 INFO  utility.ReadXml Key:abc value: null
2023-10-31 14:23:18.348 INFO  utility.ReadXml Key:abc value: null
2023-10-31 14:23:18.348 INFO  page.GlobalFunctions text value is  abc
2023-10-31 14:23:24.276 INFO  page.GlobalFunctions Element is displayed [[ChromeDriver: chrome on windows (296ba518c671a76dcd95eadb5597011a)] -> id: outlined-adornment-password]
2023-10-31 14:23:24.331 INFO  page.GlobalFunctions Text in the field is cleard [[ChromeDriver: chrome on windows (296ba518c671a76dcd95eadb5597011a)] -> id: outlined-adornment-password]
2023-10-31 14:23:24.392 INFO  page.GlobalFunctions Enter the value abc
2023-10-31 14:24:44.812 INFO  page.CommonPage launching Vender application
2023-10-31 14:24:44.977 INFO  page.GlobalFunctions Taking screen shot....
2023-10-31 14:24:45.002 INFO  utility.ReadXml Key:forgot password value: Forgot Password
2023-10-31 14:24:45.002 INFO  page.GlobalFunctions text value is  Forgot Password
2023-10-31 14:24:45.035 INFO  page.GlobalFunctions actualText Forgot Password expectedText Forgot Password
2023-10-31 14:24:45.162 INFO  page.GlobalFunctions Taking screen shot....
2023-10-31 14:24:45.179 INFO  utility.ReadXml Key:user name1 value: null
2023-10-31 14:24:45.181 INFO  utility.ReadXml Key:user name1 value: srinivas@neviton.com
2023-10-31 14:24:45.182 INFO  page.GlobalFunctions text value is  srinivas@neviton.com
2023-10-31 14:24:45.227 INFO  page.GlobalFunctions Element is displayed [[ChromeDriver: chrome on windows (f0336eb32e71c65bcf3882b0f2f094c0)] -> id: Username]
2023-10-31 14:24:45.287 INFO  page.GlobalFunctions Text in the field is cleard [[ChromeDriver: chrome on windows (f0336eb32e71c65bcf3882b0f2f094c0)] -> id: Username]
2023-10-31 14:24:52.335 INFO  page.GlobalFunctions Enter the value srinivas@neviton.com
2023-10-31 14:24:52.480 INFO  page.GlobalFunctions Taking screen shot....
2023-10-31 14:24:54.000 INFO  utility.ReadXml Key:abc value: null
2023-10-31 14:24:54.003 INFO  utility.ReadXml Key:abc value: null
2023-10-31 14:24:54.003 INFO  page.GlobalFunctions text value is  abc
2023-10-31 14:25:05.841 INFO  page.GlobalFunctions Element is displayed [[ChromeDriver: chrome on windows (f0336eb32e71c65bcf3882b0f2f094c0)] -> id: outlined-adornment-password]
2023-10-31 14:25:05.878 INFO  page.GlobalFunctions Text in the field is cleard [[ChromeDriver: chrome on windows (f0336eb32e71c65bcf3882b0f2f094c0)] -> id: outlined-adornment-password]
2023-10-31 14:25:07.747 INFO  page.GlobalFunctions Enter the value abc
2023-10-31 14:25:10.444 INFO  page.GlobalFunctions Element is displayed [[ChromeDriver: chrome on windows (f0336eb32e71c65bcf3882b0f2f094c0)] -> xpath: //button[text()='Login']]
2023-10-31 14:25:17.433 INFO  utility.ReadXml Key:abc value: null
2023-10-31 14:25:17.436 INFO  utility.ReadXml Key:abc value: null
2023-10-31 14:25:17.436 INFO  page.GlobalFunctions text value is  abc
2023-10-31 14:25:19.365 INFO  page.GlobalFunctions Element is displayed [[ChromeDriver: chrome on windows (f0336eb32e71c65bcf3882b0f2f094c0)] -> id: outlined-adornment-password]
2023-10-31 14:25:19.418 INFO  page.GlobalFunctions Text in the field is cleard [[ChromeDriver: chrome on windows (f0336eb32e71c65bcf3882b0f2f094c0)] -> id: outlined-adornment-password]
2023-10-31 14:26:14.893 INFO  page.CommonPage launching Vender application
2023-10-31 14:26:15.116 INFO  page.GlobalFunctions Taking screen shot....
2023-10-31 14:26:15.137 INFO  utility.ReadXml Key:forgot password value: Forgot Password
2023-10-31 14:26:15.137 INFO  page.GlobalFunctions text value is  Forgot Password
2023-10-31 14:26:15.171 INFO  page.GlobalFunctions actualText Forgot Password expectedText Forgot Password
2023-10-31 14:26:15.287 INFO  page.GlobalFunctions Taking screen shot....
2023-10-31 14:26:15.310 INFO  utility.ReadXml Key:user name1 value: null
2023-10-31 14:26:15.313 INFO  utility.ReadXml Key:user name1 value: srinivas@neviton.com
2023-10-31 14:26:15.313 INFO  page.GlobalFunctions text value is  srinivas@neviton.com
2023-10-31 14:26:15.368 INFO  page.GlobalFunctions Element is displayed [[ChromeDriver: chrome on windows (d0d908cfdf6244d0987acb3c0a7a2fc4)] -> id: Username]
2023-10-31 14:26:15.419 INFO  page.GlobalFunctions Text in the field is cleard [[ChromeDriver: chrome on windows (d0d908cfdf6244d0987acb3c0a7a2fc4)] -> id: Username]
2023-10-31 14:26:18.382 INFO  page.GlobalFunctions Enter the value srinivas@neviton.com
2023-10-31 14:26:18.531 INFO  page.GlobalFunctions Taking screen shot....
2023-10-31 14:26:19.816 INFO  utility.ReadXml Key:abc value: null
2023-10-31 14:26:19.818 INFO  utility.ReadXml Key:abc value: null
2023-10-31 14:26:19.818 INFO  page.GlobalFunctions text value is  abc
2023-10-31 14:26:21.658 INFO  page.GlobalFunctions Element is displayed [[ChromeDriver: chrome on windows (d0d908cfdf6244d0987acb3c0a7a2fc4)] -> id: outlined-adornment-password]
2023-10-31 14:26:21.694 INFO  page.GlobalFunctions Text in the field is cleard [[ChromeDriver: chrome on windows (d0d908cfdf6244d0987acb3c0a7a2fc4)] -> id: outlined-adornment-password]
2023-10-31 14:26:23.595 INFO  page.GlobalFunctions Enter the value abc
2023-10-31 14:26:29.737 INFO  page.GlobalFunctions Element is displayed [[ChromeDriver: chrome on windows (d0d908cfdf6244d0987acb3c0a7a2fc4)] -> xpath: //button[text()='Login']]
2023-10-31 14:26:31.504 INFO  utility.ReadXml Key:abc123 value: null
2023-10-31 14:26:31.506 INFO  utility.ReadXml Key:abc123 value: null
2023-10-31 14:26:31.506 INFO  page.GlobalFunctions text value is  abc123
2023-10-31 14:26:32.700 INFO  page.GlobalFunctions Element is displayed [[ChromeDriver: chrome on windows (d0d908cfdf6244d0987acb3c0a7a2fc4)] -> id: outlined-adornment-password]
2023-10-31 14:26:32.747 INFO  page.GlobalFunctions Text in the field is cleard [[ChromeDriver: chrome on windows (d0d908cfdf6244d0987acb3c0a7a2fc4)] -> id: outlined-adornment-password]
2023-10-31 14:26:37.371 INFO  page.GlobalFunctions Enter the value abc123
2023-10-31 14:26:38.594 INFO  page.GlobalFunctions Element is displayed [[ChromeDriver: chrome on windows (d0d908cfdf6244d0987acb3c0a7a2fc4)] -> xpath: //button[text()='Login']]
2023-10-31 14:26:40.963 INFO  page.GlobalFunctions Taking screen shot....
2023-10-31 14:29:42.332 INFO  page.CommonPage launching Vender application
2023-10-31 14:29:42.461 INFO  page.GlobalFunctions Taking screen shot....
2023-10-31 14:29:42.482 INFO  utility.ReadXml Key:forgot password value: Forgot Password
2023-10-31 14:29:42.482 INFO  page.GlobalFunctions text value is  Forgot Password
2023-10-31 14:29:42.783 INFO  page.GlobalFunctions actualText Forgot Password expectedText Forgot Password
2023-10-31 14:29:42.933 INFO  page.GlobalFunctions Taking screen shot....
2023-10-31 14:29:42.946 INFO  utility.ReadXml Key:user name1 value: null
2023-10-31 14:29:42.949 INFO  utility.ReadXml Key:user name1 value: srinivas@neviton.com
2023-10-31 14:29:42.949 INFO  page.GlobalFunctions text value is  srinivas@neviton.com
2023-10-31 14:29:42.992 INFO  page.GlobalFunctions Element is displayed [[ChromeDriver: chrome on windows (eeb3ffb37a4eeca390b70b6b04b90825)] -> id: Username]
2023-10-31 14:29:43.049 INFO  page.GlobalFunctions Text in the field is cleard [[ChromeDriver: chrome on windows (eeb3ffb37a4eeca390b70b6b04b90825)] -> id: Username]
2023-10-31 14:29:46.398 INFO  page.GlobalFunctions Enter the value srinivas@neviton.com
2023-10-31 14:29:46.570 INFO  page.GlobalFunctions Taking screen shot....
2023-10-31 14:29:47.693 INFO  utility.ReadXml Key:abc value: null
2023-10-31 14:29:47.696 INFO  utility.ReadXml Key:abc value: null
2023-10-31 14:29:47.696 INFO  page.GlobalFunctions text value is  abc
2023-10-31 14:29:48.921 INFO  page.GlobalFunctions Element is displayed [[ChromeDriver: chrome on windows (eeb3ffb37a4eeca390b70b6b04b90825)] -> id: outlined-adornment-password]
2023-10-31 14:29:48.958 INFO  page.GlobalFunctions Text in the field is cleard [[ChromeDriver: chrome on windows (eeb3ffb37a4eeca390b70b6b04b90825)] -> id: outlined-adornment-password]
2023-10-31 14:30:00.870 INFO  page.GlobalFunctions Enter the value abc
2023-10-31 14:30:08.236 INFO  page.GlobalFunctions Element is displayed [[ChromeDriver: chrome on windows (eeb3ffb37a4eeca390b70b6b04b90825)] -> xpath: //button[text()='Login']]
2023-10-31 14:30:17.250 INFO  utility.ReadXml Key:abc123 value: null
2023-10-31 14:30:17.253 INFO  utility.ReadXml Key:abc123 value: null
2023-10-31 14:30:17.253 INFO  page.GlobalFunctions text value is  abc123
2023-10-31 14:30:18.989 INFO  page.GlobalFunctions Element is displayed [[ChromeDriver: chrome on windows (eeb3ffb37a4eeca390b70b6b04b90825)] -> id: outlined-adornment-password]
2023-10-31 14:30:19.050 INFO  page.GlobalFunctions Text in the field is cleard [[ChromeDriver: chrome on windows (eeb3ffb37a4eeca390b70b6b04b90825)] -> id: outlined-adornment-password]
2023-10-31 14:30:20.426 INFO  page.GlobalFunctions Enter the value abc123
2023-10-31 14:30:22.677 INFO  page.GlobalFunctions Element is displayed [[ChromeDriver: chrome on windows (eeb3ffb37a4eeca390b70b6b04b90825)] -> xpath: //button[text()='Login']]
2023-10-31 14:30:32.866 INFO  utility.ReadXml Key:abc456 value: null
2023-10-31 14:30:32.868 INFO  utility.ReadXml Key:abc456 value: null
2023-10-31 14:30:32.868 INFO  page.GlobalFunctions text value is  abc456
2023-10-31 14:30:34.469 INFO  page.GlobalFunctions Element is displayed [[ChromeDriver: chrome on windows (eeb3ffb37a4eeca390b70b6b04b90825)] -> id: outlined-adornment-password]
2023-10-31 14:30:34.515 INFO  page.GlobalFunctions Text in the field is cleard [[ChromeDriver: chrome on windows (eeb3ffb37a4eeca390b70b6b04b90825)] -> id: outlined-adornment-password]
2023-10-31 14:30:35.808 INFO  page.GlobalFunctions Enter the value abc456
2023-10-31 14:30:37.083 INFO  page.GlobalFunctions Element is displayed [[ChromeDriver: chrome on windows (eeb3ffb37a4eeca390b70b6b04b90825)] -> xpath: //button[text()='Login']]
2023-10-31 14:30:39.581 INFO  utility.ReadXml Key:abc321 value: null
2023-10-31 14:30:39.584 INFO  utility.ReadXml Key:abc321 value: null
2023-10-31 14:30:39.584 INFO  page.GlobalFunctions text value is  abc321
2023-10-31 14:30:40.778 INFO  page.GlobalFunctions Element is displayed [[ChromeDriver: chrome on windows (eeb3ffb37a4eeca390b70b6b04b90825)] -> id: outlined-adornment-password]
2023-10-31 14:30:40.823 INFO  page.GlobalFunctions Text in the field is cleard [[ChromeDriver: chrome on windows (eeb3ffb37a4eeca390b70b6b04b90825)] -> id: outlined-adornment-password]
2023-10-31 14:30:41.947 INFO  page.GlobalFunctions Enter the value abc321
2023-10-31 14:30:42.957 INFO  page.GlobalFunctions Element is displayed [[ChromeDriver: chrome on windows (eeb3ffb37a4eeca390b70b6b04b90825)] -> xpath: //button[text()='Login']]
2023-10-31 14:30:45.472 INFO  utility.ReadXml Key:abc111 value: null
2023-10-31 14:30:45.475 INFO  utility.ReadXml Key:abc111 value: null
2023-10-31 14:30:45.475 INFO  page.GlobalFunctions text value is  abc111
2023-10-31 14:30:46.817 INFO  page.GlobalFunctions Element is displayed [[ChromeDriver: chrome on windows (eeb3ffb37a4eeca390b70b6b04b90825)] -> id: outlined-adornment-password]
2023-10-31 14:30:46.866 INFO  page.GlobalFunctions Text in the field is cleard [[ChromeDriver: chrome on windows (eeb3ffb37a4eeca390b70b6b04b90825)] -> id: outlined-adornment-password]
2023-10-31 14:30:48.124 INFO  page.GlobalFunctions Enter the value abc111
2023-10-31 14:30:49.315 INFO  page.GlobalFunctions Element is displayed [[ChromeDriver: chrome on windows (eeb3ffb37a4eeca390b70b6b04b90825)] -> xpath: //button[text()='Login']]
2023-11-02 11:37:09.564 INFO  page.CommonPage launching Vender application
2023-11-02 11:37:09.687 INFO  page.GlobalFunctions Taking screen shot....
2023-11-02 11:37:09.705 INFO  utility.ReadXml Key:forgot password value: Forgot Password
2023-11-02 11:37:09.705 INFO  page.GlobalFunctions text value is  Forgot Password
2023-11-02 11:37:10.015 INFO  page.GlobalFunctions actualText Forgot Password expectedText Forgot Password
2023-11-02 11:37:10.126 INFO  page.GlobalFunctions Taking screen shot....
2023-11-02 11:37:10.137 INFO  utility.ReadXml Key:resolve message value: Don't worry. We will resolve this ASAP
2023-11-02 11:37:10.137 INFO  page.GlobalFunctions text value is  Don't worry. We will resolve this ASAP
2023-11-02 11:37:10.137 INFO  page.LoginPage ***failed***
2023-11-02 11:37:10.137 ERROR page.LoginPage ***error***
2023-11-02 11:37:10.267 INFO  page.GlobalFunctions Taking screen shot....
2023-11-02 11:39:27.476 INFO  page.CommonPage launching Vender application
2023-11-02 11:39:27.609 INFO  page.GlobalFunctions Taking screen shot....
2023-11-02 11:39:27.629 INFO  utility.ReadXml Key:forgot password value: Forgot Password
2023-11-02 11:39:27.629 INFO  page.GlobalFunctions text value is  Forgot Password
2023-11-02 11:39:27.948 INFO  page.GlobalFunctions actualText Forgot Password expectedText Forgot Password
2023-11-02 11:39:28.128 INFO  page.GlobalFunctions Taking screen shot....
2023-11-02 11:39:28.178 INFO  page.GlobalFunctions Element is displayed [[ChromeDriver: chrome on windows (6d629c2b00f6fbb5c0ecd69943cb02a8)] -> link text: Forgot Password]
2023-11-02 11:39:28.335 INFO  page.GlobalFunctions Taking screen shot....
2023-11-02 11:39:28.343 INFO  utility.ReadXml Key:resolve message value: Don't worry. We will resolve this ASAP
2023-11-02 11:39:28.343 INFO  page.GlobalFunctions text value is  Don't worry. We will resolve this ASAP
2023-11-02 11:39:28.343 INFO  page.LoginPage ***failed***
2023-11-02 11:39:28.344 ERROR page.LoginPage ***error***
2023-11-02 11:39:28.434 INFO  page.GlobalFunctions Taking screen shot....
2023-11-02 11:41:21.560 INFO  page.CommonPage launching Vender application
2023-11-02 11:41:21.736 INFO  page.GlobalFunctions Taking screen shot....
2023-11-02 11:41:21.755 INFO  utility.ReadXml Key:forgot password value: Forgot Password
2023-11-02 11:41:21.756 INFO  page.GlobalFunctions text value is  Forgot Password
2023-11-02 11:41:21.933 INFO  page.GlobalFunctions actualText Forgot Password expectedText Forgot Password
2023-11-02 11:41:22.105 INFO  page.GlobalFunctions Taking screen shot....
2023-11-02 11:41:22.156 INFO  page.GlobalFunctions Element is displayed [[ChromeDriver: chrome on windows (1abb4c4d137a09654da3990c0214b0ed)] -> link text: Forgot Password]
2023-11-02 11:41:22.308 INFO  page.GlobalFunctions Taking screen shot....
2023-11-02 11:41:22.318 INFO  utility.ReadXml Key:resolve message value: Don't worry. We will resolve this ASAP
2023-11-02 11:41:22.320 INFO  page.GlobalFunctions text value is  Don't worry. We will resolve this ASAP
2023-11-02 11:41:22.320 INFO  page.LoginPage ***failed***
2023-11-02 11:41:22.320 ERROR page.LoginPage ***error***
2023-11-02 11:41:22.397 INFO  page.GlobalFunctions Taking screen shot....
2023-11-02 13:40:48.730 INFO  page.CommonPage launching Vender application
2023-11-02 13:40:49.299 INFO  page.GlobalFunctions Taking screen shot....
2023-11-02 13:40:49.368 INFO  utility.ReadXml Key:forgot password value: Forgot Password
2023-11-02 13:40:49.368 INFO  page.GlobalFunctions text value is  Forgot Password
2023-11-02 13:41:19.801 INFO  page.GlobalFunctions Taking screen shot....
2023-11-02 13:42:18.210 INFO  page.CommonPage launching Vender application
2023-11-02 13:42:18.620 INFO  page.GlobalFunctions Taking screen shot....
2023-11-02 13:42:18.684 INFO  utility.ReadXml Key:forgot password value: Forgot Password
2023-11-02 13:42:18.684 INFO  page.GlobalFunctions text value is  Forgot Password
2023-11-02 13:42:49.004 INFO  page.GlobalFunctions Taking screen shot....
2023-11-02 13:43:50.351 INFO  page.CommonPage launching Vender application
2023-11-02 13:43:50.726 INFO  page.GlobalFunctions Taking screen shot....
2023-11-02 13:43:50.794 INFO  utility.ReadXml Key:forgot password value: Forgot Password
2023-11-02 13:43:50.795 INFO  page.GlobalFunctions text value is  Forgot Password
2023-11-02 13:44:21.275 INFO  page.GlobalFunctions Taking screen shot....
2023-11-02 13:46:26.418 INFO  page.CommonPage launching Vender application
2023-11-02 13:46:26.793 INFO  page.GlobalFunctions Taking screen shot....
2023-11-02 13:46:26.859 INFO  utility.ReadXml Key:forgot password value: Forgot Password
2023-11-02 13:46:26.859 INFO  page.GlobalFunctions text value is  Forgot Password
2023-11-02 13:46:26.942 INFO  page.GlobalFunctions actualText Forgot Password expectedText Forgot Password
2023-11-02 13:46:27.169 INFO  page.GlobalFunctions Taking screen shot....
2023-11-02 13:46:48.855 INFO  page.GlobalFunctions Element is displayed [[ChromeDriver: chrome on windows (6bd7e9ea69aa634fec750333c6ee1eec)] -> link text: Forgot Password]
2023-11-02 13:46:49.391 INFO  page.GlobalFunctions Taking screen shot....
2023-11-02 13:46:49.414 INFO  utility.ReadXml Key:forgot password value: Forgot Password
2023-11-02 13:46:49.415 INFO  page.GlobalFunctions text value is  Forgot Password
2023-11-02 13:47:28.896 INFO  page.GlobalFunctions actualText Forgot Password expectedText Forgot Password
2023-11-02 13:49:09.314 INFO  page.GlobalFunctions Taking screen shot....
2023-11-02 13:49:09.336 INFO  utility.ReadXml Key:resolve message value: Don't worry. We will resolve this ASAP
2023-11-02 13:49:09.336 INFO  page.GlobalFunctions text value is  Don't worry. We will resolve this ASAP
2023-11-02 13:49:23.279 INFO  page.GlobalFunctions actualText Don't worry. We will resolve this ASAP expectedText Don't worry. We will resolve this ASAP
2023-11-02 13:49:23.486 INFO  page.GlobalFunctions Taking screen shot....
2023-11-02 13:49:23.504 INFO  utility.ReadXml Key:email default text value: Enter Your Registered Email *
2023-11-02 13:49:23.504 INFO  page.GlobalFunctions text value is  Enter Your Registered Email *
2023-11-02 13:50:49.867 INFO  utility.ReadXml Key:email default text value: Enter Your Registered Email *
2023-11-02 13:50:49.871 INFO  page.GlobalFunctions text value is  Enter Your Registered Email *
2023-11-02 13:50:54.189 INFO  page.GlobalFunctions actualText  expectedText Enter Your Registered Email *
2023-11-02 13:50:54.433 INFO  page.GlobalFunctions Taking screen shot....
2023-11-02 13:52:12.663 INFO  page.CommonPage launching Vender application
2023-11-02 13:52:13.158 INFO  page.GlobalFunctions Taking screen shot....
2023-11-02 13:52:13.242 INFO  utility.ReadXml Key:forgot password value: Forgot Password
2023-11-02 13:52:13.243 INFO  page.GlobalFunctions text value is  Forgot Password
2023-11-02 13:52:13.349 INFO  page.GlobalFunctions actualText Forgot Password expectedText Forgot Password
2023-11-02 13:52:13.649 INFO  page.GlobalFunctions Taking screen shot....
2023-11-02 13:52:24.689 INFO  page.GlobalFunctions Element is displayed [[ChromeDriver: chrome on windows (e46e525101c830af24e40a0984d4bdfb)] -> link text: Forgot Password]
2023-11-02 13:52:25.235 INFO  page.GlobalFunctions Taking screen shot....
2023-11-02 13:52:25.263 INFO  utility.ReadXml Key:forgot password value: Forgot Password
2023-11-02 13:52:25.263 INFO  page.GlobalFunctions text value is  Forgot Password
2023-11-02 13:53:50.918 INFO  page.GlobalFunctions actualText Forgot Password expectedText Forgot Password
2023-11-02 13:53:55.916 INFO  page.GlobalFunctions Taking screen shot....
2023-11-02 13:53:55.940 INFO  utility.ReadXml Key:resolve message value: Don't worry. We will resolve this ASAP
2023-11-02 13:53:55.941 INFO  page.GlobalFunctions text value is  Don't worry. We will resolve this ASAP
2023-11-02 13:54:00.909 INFO  page.GlobalFunctions actualText Don't worry. We will resolve this ASAP expectedText Don't worry. We will resolve this ASAP
2023-11-02 13:54:01.079 INFO  page.GlobalFunctions Taking screen shot....
2023-11-02 13:54:01.105 INFO  utility.ReadXml Key:email default text value: Enter Your Registered Email *
2023-11-02 13:54:01.105 INFO  page.GlobalFunctions text value is  Enter Your Registered Email *
2023-11-02 13:58:09.967 INFO  page.CommonPage launching Vender application
2023-11-02 13:58:10.347 INFO  page.GlobalFunctions Taking screen shot....
2023-11-02 13:58:10.410 INFO  utility.ReadXml Key:forgot password value: Forgot Password
2023-11-02 13:58:10.410 INFO  page.GlobalFunctions text value is  Forgot Password
2023-11-02 13:58:15.987 INFO  page.GlobalFunctions actualText Forgot Password expectedText Forgot Password
2023-11-02 13:58:16.372 INFO  page.GlobalFunctions Taking screen shot....
2023-11-02 13:58:17.986 INFO  page.GlobalFunctions Element is displayed [[ChromeDriver: chrome on windows (85c56a4567bdd28e3f30433dbe8465d8)] -> link text: Forgot Password]
2023-11-02 13:58:18.527 INFO  page.GlobalFunctions Taking screen shot....
2023-11-02 13:58:18.557 INFO  utility.ReadXml Key:forgot password value: Forgot Password
2023-11-02 13:58:18.557 INFO  page.GlobalFunctions text value is  Forgot Password
2023-11-02 13:58:25.355 INFO  page.GlobalFunctions actualText Forgot Password expectedText Forgot Password
2023-11-02 13:58:26.774 INFO  page.GlobalFunctions Taking screen shot....
2023-11-02 13:58:26.801 INFO  utility.ReadXml Key:resolve message value: Don't worry. We will resolve this ASAP
2023-11-02 13:58:26.801 INFO  page.GlobalFunctions text value is  Don't worry. We will resolve this ASAP
2023-11-02 13:58:34.610 INFO  page.GlobalFunctions actualText Don't worry. We will resolve this ASAP expectedText Don't worry. We will resolve this ASAP
2023-11-02 13:58:34.856 INFO  page.GlobalFunctions Taking screen shot....
2023-11-02 13:58:34.876 INFO  utility.ReadXml Key:email default text value: Enter Your Registered Email *
2023-11-02 13:58:34.876 INFO  page.GlobalFunctions text value is  Enter Your Registered Email *
2023-11-02 13:58:46.814 INFO  page.GlobalFunctions Taking screen shot....
2023-11-02 14:00:55.876 INFO  page.CommonPage launching Vender application
2023-11-02 14:00:56.644 INFO  page.GlobalFunctions Taking screen shot....
2023-11-02 14:00:56.717 INFO  utility.ReadXml Key:forgot password value: Forgot Password
2023-11-02 14:00:56.718 INFO  page.GlobalFunctions text value is  Forgot Password
2023-11-02 14:01:39.904 INFO  page.GlobalFunctions actualText Forgot Password expectedText Forgot Password
2023-11-02 14:01:40.278 INFO  page.GlobalFunctions Taking screen shot....
2023-11-02 14:01:41.850 INFO  page.GlobalFunctions Element is displayed [[ChromeDriver: chrome on windows (8e9236a056f69c1e56038540f144d2f6)] -> link text: Forgot Password]
2023-11-02 14:01:42.453 INFO  page.GlobalFunctions Taking screen shot....
2023-11-02 14:01:42.479 INFO  utility.ReadXml Key:forgot password value: Forgot Password
2023-11-02 14:01:42.479 INFO  page.GlobalFunctions text value is  Forgot Password
2023-11-02 14:01:51.267 INFO  page.GlobalFunctions actualText Forgot Password expectedText Forgot Password
2023-11-02 14:01:55.285 INFO  page.GlobalFunctions Taking screen shot....
2023-11-02 14:01:55.315 INFO  utility.ReadXml Key:resolve message value: Don't worry. We will resolve this ASAP
2023-11-02 14:01:55.315 INFO  page.GlobalFunctions text value is  Don't worry. We will resolve this ASAP
2023-11-02 14:02:11.145 INFO  page.GlobalFunctions actualText Don't worry. We will resolve this ASAP expectedText Don't worry. We will resolve this ASAP
2023-11-02 14:02:11.406 INFO  page.GlobalFunctions Taking screen shot....
2023-11-02 14:02:11.429 INFO  utility.ReadXml Key:email default text value: Enter Your Registered Email *
2023-11-02 14:02:11.429 INFO  page.GlobalFunctions text value is  Enter Your Registered Email *
2023-11-02 14:14:29.893 INFO  page.CommonPage launching Vender application
2023-11-02 14:14:30.244 INFO  page.GlobalFunctions Taking screen shot....
2023-11-02 14:14:30.329 INFO  utility.ReadXml Key:forgot password value: Forgot Password
2023-11-02 14:14:30.330 INFO  page.GlobalFunctions text value is  Forgot Password
2023-11-02 14:14:39.422 INFO  page.GlobalFunctions actualText Forgot Password expectedText Forgot Password
2023-11-02 14:14:39.817 INFO  page.GlobalFunctions Taking screen shot....
2023-11-02 14:14:41.853 INFO  page.GlobalFunctions Element is displayed [[ChromeDriver: chrome on windows (f9d7ed7f1e770f59154f02717afc2c55)] -> link text: Forgot Password]
2023-11-02 14:14:42.391 INFO  page.GlobalFunctions Taking screen shot....
2023-11-02 14:14:42.412 INFO  utility.ReadXml Key:email default text value: Enter Your Registered Email *
2023-11-02 14:14:42.413 INFO  page.GlobalFunctions text value is  Enter Your Registered Email *
2023-11-02 14:19:37.070 INFO  page.CommonPage launching Vender application
2023-11-02 14:19:37.471 INFO  page.GlobalFunctions Taking screen shot....
2023-11-02 14:19:37.533 INFO  utility.ReadXml Key:forgot password value: Forgot Password
2023-11-02 14:19:37.533 INFO  page.GlobalFunctions text value is  Forgot Password
2023-11-02 14:20:02.618 INFO  page.GlobalFunctions actualText Forgot Password expectedText Forgot Password
2023-11-02 14:20:02.992 INFO  page.GlobalFunctions Taking screen shot....
2023-11-02 14:20:05.556 INFO  page.GlobalFunctions Element is displayed [[ChromeDriver: chrome on windows (66d8c59705fbf7591c906f32279ff9a7)] -> link text: Forgot Password]
2023-11-02 14:20:06.110 INFO  page.GlobalFunctions Taking screen shot....
2023-11-02 14:20:06.139 INFO  utility.ReadXml Key:email default text value: Enter Your Registered Email *
2023-11-02 14:20:06.140 INFO  page.GlobalFunctions text value is  Enter Your Registered Email *
2023-11-02 14:31:03.424 INFO  page.CommonPage launching Vender application
2023-11-02 14:31:03.800 INFO  page.GlobalFunctions Taking screen shot....
2023-11-02 14:31:03.862 INFO  utility.ReadXml Key:forgot password value: Forgot Password
2023-11-02 14:31:03.863 INFO  page.GlobalFunctions text value is  Forgot Password
2023-11-02 14:31:18.177 INFO  page.GlobalFunctions actualText Forgot Password expectedText Forgot Password
2023-11-02 14:31:18.641 INFO  page.GlobalFunctions Taking screen shot....
2023-11-02 14:31:21.053 INFO  page.GlobalFunctions Element is displayed [[ChromeDriver: chrome on windows (99179e0798170fd5ca1305fcf56c024a)] -> link text: Forgot Password]
2023-11-02 14:31:21.738 INFO  page.GlobalFunctions Taking screen shot....
2023-11-02 14:31:21.780 INFO  utility.ReadXml Key:email default text value: Enter Your Registered Email *
2023-11-02 14:31:21.780 INFO  page.GlobalFunctions text value is  Enter Your Registered Email *
2023-11-02 15:31:17.366 INFO  page.CommonPage launching Vender application
2023-11-02 15:31:17.716 INFO  page.GlobalFunctions Taking screen shot....
2023-11-02 15:31:17.799 INFO  utility.ReadXml Key:forgot password value: Forgot Password
2023-11-02 15:31:17.799 INFO  page.GlobalFunctions text value is  Forgot Password
2023-11-02 15:31:22.878 INFO  page.GlobalFunctions actualText Forgot Password expectedText Forgot Password
2023-11-02 15:31:23.297 INFO  page.GlobalFunctions Taking screen shot....
2023-11-02 15:31:27.398 INFO  page.GlobalFunctions Element is displayed [[ChromeDriver: chrome on windows (99f9af51b0e1641f359fac601246b138)] -> link text: Forgot Password]
2023-11-02 15:31:28.071 INFO  page.GlobalFunctions Taking screen shot....
2023-11-02 15:31:28.112 INFO  utility.ReadXml Key:email default text value: Enter Your Registered Email *
2023-11-02 15:31:28.113 INFO  page.GlobalFunctions text value is  Enter Your Registered Email *
2023-11-02 15:31:55.051 INFO  page.GlobalFunctions Element is not displayed [[ChromeDriver: chrome on windows (99f9af51b0e1641f359fac601246b138)] -> xpath: //*[@class='MuiOutlinedInput-notchedOutline css-igs3ac']//span]
2023-11-02 15:31:55.412 INFO  page.GlobalFunctions Taking screen shot....
2023-11-02 15:33:02.942 INFO  page.CommonPage launching Vender application
2023-11-02 15:33:03.342 INFO  page.GlobalFunctions Taking screen shot....
2023-11-02 15:33:03.411 INFO  utility.ReadXml Key:forgot password value: Forgot Password
2023-11-02 15:33:03.411 INFO  page.GlobalFunctions text value is  Forgot Password
2023-11-02 15:33:08.474 INFO  page.GlobalFunctions actualText Forgot Password expectedText Forgot Password
2023-11-02 15:33:08.849 INFO  page.GlobalFunctions Taking screen shot....
2023-11-02 15:33:11.219 INFO  page.GlobalFunctions Element is displayed [[ChromeDriver: chrome on windows (1f799259566142b36f9394f4f1642ed9)] -> link text: Forgot Password]
2023-11-02 15:33:11.844 INFO  page.GlobalFunctions Taking screen shot....
2023-11-02 15:33:11.873 INFO  utility.ReadXml Key:email default text value: Enter Your Registered Email *
2023-11-02 15:33:11.873 INFO  page.GlobalFunctions text value is  Enter Your Registered Email *
2023-11-02 15:34:35.408 INFO  page.GlobalFunctions Element is not displayed [[ChromeDriver: chrome on windows (1f799259566142b36f9394f4f1642ed9)] -> xpath: //*[@class='MuiOutlinedInput-notchedOutline css-igs3ac']//span]
2023-11-02 15:50:12.644 INFO  page.CommonPage launching Vender application
2023-11-02 15:50:12.986 INFO  page.GlobalFunctions Taking screen shot....
2023-11-02 15:50:13.062 INFO  utility.ReadXml Key:forgot password value: Forgot Password
2023-11-02 15:50:13.063 INFO  page.GlobalFunctions text value is  Forgot Password
2023-11-02 15:50:20.193 INFO  page.GlobalFunctions actualText Forgot Password expectedText Forgot Password
2023-11-02 15:50:20.559 INFO  page.GlobalFunctions Taking screen shot....
2023-11-02 15:50:22.380 INFO  page.GlobalFunctions Element is displayed [[ChromeDriver: chrome on windows (85c4793cbc20b1029fda29ec3ad710c4)] -> link text: Forgot Password]
2023-11-02 15:50:22.972 INFO  page.GlobalFunctions Taking screen shot....
2023-11-02 15:50:22.997 INFO  utility.ReadXml Key:email default text value: Enter Your Registered Email *
2023-11-02 15:50:22.997 INFO  page.GlobalFunctions text value is  Enter Your Registered Email *
2023-11-02 15:51:04.773 INFO  page.GlobalFunctions attribute value is Enter Your Registered Email *
2023-11-02 16:26:27.799 INFO  page.CommonPage launching Vender application
2023-11-02 16:26:28.285 INFO  page.GlobalFunctions Taking screen shot....
2023-11-02 16:26:28.367 INFO  utility.ReadXml Key:forgot password value: Forgot Password
2023-11-02 16:26:28.367 INFO  page.GlobalFunctions text value is  Forgot Password
2023-11-02 16:26:33.415 INFO  page.GlobalFunctions actualText Forgot Password expectedText Forgot Password
2023-11-02 16:26:33.811 INFO  page.GlobalFunctions Taking screen shot....
2023-11-02 16:26:38.165 INFO  page.GlobalFunctions Element is displayed [[ChromeDriver: chrome on windows (ba2c813952d22213f50e6687d1c6bad3)] -> link text: Forgot Password]
2023-11-02 16:26:38.704 INFO  page.GlobalFunctions Taking screen shot....
2023-11-02 16:26:38.727 INFO  utility.ReadXml Key:email default text value: Enter Your Registered Email *
2023-11-02 16:26:38.728 INFO  page.GlobalFunctions text value is  Enter Your Registered Email *
2023-11-02 16:27:52.356 INFO  page.GlobalFunctions attribute value is Enter Your Registered Email *
2023-11-02 16:27:53.630 INFO  page.GlobalFunctions Taking screen shot....
2023-11-02 16:31:26.436 INFO  page.CommonPage launching Vender application
2023-11-02 16:31:26.849 INFO  page.GlobalFunctions Taking screen shot....
2023-11-02 16:31:26.912 INFO  utility.ReadXml Key:forgot password value: Forgot Password
2023-11-02 16:31:26.912 INFO  page.GlobalFunctions text value is  Forgot Password
2023-11-02 16:31:32.078 INFO  page.GlobalFunctions actualText Forgot Password expectedText Forgot Password
2023-11-02 16:31:32.480 INFO  page.GlobalFunctions Taking screen shot....
2023-11-02 16:31:34.424 INFO  page.GlobalFunctions Element is displayed [[ChromeDriver: chrome on windows (7e494a07045aba9a6be1d1a4c60bc47a)] -> link text: Forgot Password]
2023-11-02 16:31:34.969 INFO  page.GlobalFunctions Taking screen shot....
2023-11-02 16:31:34.993 INFO  utility.ReadXml Key:email default text value: Enter Your Registered Email *
2023-11-02 16:31:34.994 INFO  page.GlobalFunctions text value is  Enter Your Registered Email *
2023-11-02 16:32:51.228 INFO  page.GlobalFunctions attribute value is Enter Your Registered Email *
2023-11-02 16:33:03.309 INFO  page.GlobalFunctions attribute value is Enter Your Registered Email *
2023-11-02 16:33:04.560 INFO  page.GlobalFunctions Taking screen shot....
2023-11-02 16:33:04.582 INFO  utility.ReadXml Key:document management system text value: DOCUMENT MANAGEMENT SYSTEM
2023-11-02 16:33:04.583 INFO  page.GlobalFunctions text value is  DOCUMENT MANAGEMENT SYSTEM
2023-11-02 16:38:37.720 INFO  utility.ReadXml Key:document management system text value: DOCUMENT MANAGEMENT SYSTEM
2023-11-02 16:38:37.721 INFO  page.GlobalFunctions text value is  DOCUMENT MANAGEMENT SYSTEM
2023-11-02 16:39:03.986 INFO  page.GlobalFunctions actualText DOCUMENT MANAGEMENT SYSTEM expectedText DOCUMENT MANAGEMENT SYSTEM
2023-11-02 16:39:06.981 INFO  page.GlobalFunctions Taking screen shot....
2023-11-02 16:39:07.006 INFO  utility.ReadXml Key:back to login link text value: Back To Login
2023-11-02 16:39:07.006 INFO  page.GlobalFunctions text value is  Back To Login
2023-11-02 16:47:01.023 INFO  utility.ReadXml Key:back to login link text value: Back To Login
2023-11-02 16:47:01.024 INFO  page.GlobalFunctions text value is  Back To Login
2023-11-02 16:47:14.537 INFO  page.GlobalFunctions actualText Back To Login expectedText Back To Login
2023-11-02 16:47:14.774 INFO  page.GlobalFunctions Taking screen shot....
2023-11-02 16:47:14.794 INFO  utility.ReadXml Key:submit field text value: Submit
2023-11-02 16:47:14.795 INFO  page.GlobalFunctions text value is  Submit
2023-11-02 16:47:36.012 INFO  utility.ReadXml Key:submit field text value: Submit
2023-11-02 16:47:36.014 INFO  page.GlobalFunctions text value is  Submit
2023-11-02 16:47:39.577 INFO  page.GlobalFunctions actualText SUBMIT expectedText Submit
2023-11-02 16:47:39.856 INFO  page.GlobalFunctions Taking screen shot....
2023-11-02 16:49:04.274 INFO  page.CommonPage launching Vender application
2023-11-02 16:49:04.646 INFO  page.GlobalFunctions Taking screen shot....
2023-11-02 16:49:04.704 INFO  utility.ReadXml Key:forgot password value: Forgot Password
2023-11-02 16:49:04.705 INFO  page.GlobalFunctions text value is  Forgot Password
2023-11-02 16:49:04.826 INFO  page.GlobalFunctions actualText Forgot Password expectedText Forgot Password
2023-11-02 16:49:05.152 INFO  page.GlobalFunctions Taking screen shot....
2023-11-02 16:49:05.307 INFO  page.GlobalFunctions Element is displayed [[ChromeDriver: chrome on windows (ad245cc79fd0e673e38c0cd3d1a0290a)] -> link text: Forgot Password]
2023-11-02 16:49:05.752 INFO  page.GlobalFunctions Taking screen shot....
2023-11-02 16:49:05.778 INFO  utility.ReadXml Key:forgot password value: Forgot Password
2023-11-02 16:49:05.778 INFO  page.GlobalFunctions text value is  Forgot Password
2023-11-02 16:49:05.857 INFO  page.GlobalFunctions actualText Forgot Password expectedText Forgot Password
2023-11-02 16:49:06.008 INFO  page.GlobalFunctions Taking screen shot....
2023-11-02 16:49:06.028 INFO  utility.ReadXml Key:resolve message value: Don't worry. We will resolve this ASAP
2023-11-02 16:49:06.028 INFO  page.GlobalFunctions text value is  Don't worry. We will resolve this ASAP
2023-11-02 16:49:06.084 INFO  page.GlobalFunctions actualText Don't worry. We will resolve this ASAP expectedText Don't worry. We will resolve this ASAP
2023-11-02 16:49:06.223 INFO  page.GlobalFunctions Taking screen shot....
2023-11-02 16:49:06.243 INFO  utility.ReadXml Key:email default text value: Enter Your Registered Email *
2023-11-02 16:49:06.245 INFO  page.GlobalFunctions text value is  Enter Your Registered Email *
2023-11-02 16:49:06.320 INFO  page.GlobalFunctions attribute value is Enter Your Registered Email *
2023-11-02 16:49:06.454 INFO  page.GlobalFunctions Taking screen shot....
2023-11-02 16:49:06.474 INFO  utility.ReadXml Key:document management system text value: DOCUMENT MANAGEMENT SYSTEM
2023-11-02 16:49:06.474 INFO  page.GlobalFunctions text value is  DOCUMENT MANAGEMENT SYSTEM
2023-11-02 16:49:06.544 INFO  page.GlobalFunctions actualText DOCUMENT MANAGEMENT SYSTEM expectedText DOCUMENT MANAGEMENT SYSTEM
2023-11-02 16:49:06.676 INFO  page.GlobalFunctions Taking screen shot....
2023-11-02 16:49:06.692 INFO  utility.ReadXml Key:back to login link text value: Back To Login
2023-11-02 16:49:06.692 INFO  page.GlobalFunctions text value is  Back To Login
2023-11-02 16:49:06.769 INFO  page.GlobalFunctions actualText Back To Login expectedText Back To Login
2023-11-02 16:49:06.897 INFO  page.GlobalFunctions Taking screen shot....
2023-11-02 16:49:06.928 INFO  utility.ReadXml Key:submit field text value: SUBMIT
2023-11-02 16:49:06.928 INFO  page.GlobalFunctions text value is  SUBMIT
2023-11-02 16:49:06.991 INFO  page.GlobalFunctions actualText SUBMIT expectedText SUBMIT
2023-11-02 16:49:07.147 INFO  page.GlobalFunctions Taking screen shot....
2023-11-02 16:49:07.169 INFO  utility.ReadXml Key:abcd value: null
2023-11-02 16:49:07.169 INFO  utility.ReadXml Key:abcd value: null
2023-11-02 16:49:07.169 INFO  page.GlobalFunctions text value is  abcd
2023-11-02 16:49:07.280 INFO  page.GlobalFunctions Element is not displayed [[ChromeDriver: chrome on windows (ad245cc79fd0e673e38c0cd3d1a0290a)] -> xpath: //*[@class='MuiOutlinedInput-notchedOutline css-igs3ac']//span]
2023-11-02 16:49:07.463 INFO  page.GlobalFunctions Taking screen shot....
2023-11-02 17:28:35.868 INFO  page.CommonPage launching Vender application
2023-11-02 17:28:36.370 INFO  page.GlobalFunctions Taking screen shot....
2023-11-02 17:28:36.447 INFO  utility.ReadXml Key:forgot password value: Forgot Password
2023-11-02 17:28:36.447 INFO  page.GlobalFunctions text value is  Forgot Password
2023-11-02 18:36:14.117 INFO  page.GlobalFunctions actualText Forgot Password expectedText Forgot Password
2023-11-02 18:37:00.758 INFO  page.CommonPage launching Vender application
2023-11-02 18:37:01.072 INFO  page.GlobalFunctions Taking screen shot....
2023-11-02 18:37:01.146 INFO  utility.ReadXml Key:forgot password value: Forgot Password
2023-11-02 18:37:01.147 INFO  page.GlobalFunctions text value is  Forgot Password
2023-11-02 18:37:12.543 INFO  page.GlobalFunctions actualText Forgot Password expectedText Forgot Password
2023-11-02 18:37:12.943 INFO  page.GlobalFunctions Taking screen shot....
2023-11-02 18:37:16.219 INFO  page.GlobalFunctions Element is displayed [[ChromeDriver: chrome on windows (a40c02186cf3f185cbd1d9477eab81a6)] -> link text: Forgot Password]
2023-11-02 18:37:16.857 INFO  page.GlobalFunctions Taking screen shot....
2023-11-02 18:37:16.889 INFO  utility.ReadXml Key:forgot password value: Forgot Password
2023-11-02 18:37:16.890 INFO  page.GlobalFunctions text value is  Forgot Password
2023-11-02 18:37:44.789 INFO  page.GlobalFunctions actualText Forgot Password expectedText Forgot Password
2023-11-02 18:37:46.623 INFO  page.GlobalFunctions Taking screen shot....
2023-11-02 18:37:46.651 INFO  utility.ReadXml Key:resolve message value: Don't worry. We will resolve this ASAP
2023-11-02 18:37:46.651 INFO  page.GlobalFunctions text value is  Don't worry. We will resolve this ASAP
2023-11-02 18:37:51.169 INFO  page.GlobalFunctions actualText Don't worry. We will resolve this ASAP expectedText Don't worry. We will resolve this ASAP
2023-11-02 18:37:51.414 INFO  page.GlobalFunctions Taking screen shot....
2023-11-02 18:37:51.438 INFO  utility.ReadXml Key:email default text value: Enter Your Registered Email *
2023-11-02 18:37:51.438 INFO  page.GlobalFunctions text value is  Enter Your Registered Email *
2023-11-02 18:38:06.586 INFO  page.GlobalFunctions attribute value is Enter Your Registered Email *
2023-11-02 18:38:07.818 INFO  page.GlobalFunctions Taking screen shot....
2023-11-02 18:38:07.841 INFO  utility.ReadXml Key:document management system text value: DOCUMENT MANAGEMENT SYSTEM
2023-11-02 18:38:07.841 INFO  page.GlobalFunctions text value is  DOCUMENT MANAGEMENT SYSTEM
2023-11-02 18:38:17.025 INFO  page.GlobalFunctions actualText DOCUMENT MANAGEMENT SYSTEM expectedText DOCUMENT MANAGEMENT SYSTEM
2023-11-02 18:38:18.980 INFO  page.GlobalFunctions Taking screen shot....
2023-11-02 18:38:19.002 INFO  utility.ReadXml Key:back to login link text value: Back To Login
2023-11-02 18:38:19.003 INFO  page.GlobalFunctions text value is  Back To Login
2023-11-02 18:38:47.358 INFO  page.GlobalFunctions actualText Back To Login expectedText Back To Login
2023-11-02 18:38:47.627 INFO  page.GlobalFunctions Taking screen shot....
2023-11-02 18:38:47.658 INFO  utility.ReadXml Key:submit field text value: SUBMIT
2023-11-02 18:38:47.658 INFO  page.GlobalFunctions text value is  SUBMIT
2023-11-02 18:38:56.421 INFO  page.GlobalFunctions actualText SUBMIT expectedText SUBMIT
2023-11-02 18:38:56.670 INFO  page.GlobalFunctions Taking screen shot....
2023-11-02 18:38:56.691 INFO  utility.ReadXml Key:abcd value: null
2023-11-02 18:38:56.697 INFO  utility.ReadXml Key:abcd value: null
2023-11-02 18:38:56.698 INFO  page.GlobalFunctions text value is  abcd
2023-11-02 18:39:42.265 INFO  page.GlobalFunctions Element is not displayed [[ChromeDriver: chrome on windows (a40c02186cf3f185cbd1d9477eab81a6)] -> xpath: //*[@class='MuiOutlinedInput-notchedOutline css-igs3ac']//span]
2023-11-02 18:46:01.756 INFO  page.CommonPage launching Vender application
2023-11-02 18:46:02.005 INFO  page.GlobalFunctions Taking screen shot....
2023-11-02 18:46:02.043 INFO  utility.ReadXml Key:forgot password value: Forgot Password
2023-11-02 18:46:02.043 INFO  page.GlobalFunctions text value is  Forgot Password
2023-11-02 18:46:06.609 INFO  page.GlobalFunctions actualText Forgot Password expectedText Forgot Password
2023-11-02 18:46:06.741 INFO  page.GlobalFunctions Taking screen shot....
2023-11-02 18:46:09.323 INFO  page.GlobalFunctions Element is displayed [[ChromeDriver: chrome on windows (803b1e4a6277a18ed0888bb61a21bd24)] -> link text: Forgot Password]
2023-11-02 18:46:09.554 INFO  page.GlobalFunctions Taking screen shot....
2023-11-02 18:46:09.563 INFO  utility.ReadXml Key:abcd value: null
2023-11-02 18:46:09.566 INFO  utility.ReadXml Key:abcd value: null
2023-11-02 18:46:09.566 INFO  page.GlobalFunctions text value is  abcd
2023-11-02 18:46:29.498 INFO  page.GlobalFunctions Element is displayed [[ChromeDriver: chrome on windows (803b1e4a6277a18ed0888bb61a21bd24)] -> id: email]
2023-11-02 18:46:29.591 INFO  page.GlobalFunctions Text in the field is cleard [[ChromeDriver: chrome on windows (803b1e4a6277a18ed0888bb61a21bd24)] -> id: email]
2023-11-02 18:46:43.604 INFO  page.GlobalFunctions Enter the value abcd
2023-11-02 18:46:43.698 INFO  page.GlobalFunctions Taking screen shot....
2023-11-02 18:48:11.458 INFO  page.CommonPage launching Vender application
2023-11-02 18:48:11.652 INFO  page.GlobalFunctions Taking screen shot....
2023-11-02 18:48:11.680 INFO  utility.ReadXml Key:forgot password value: Forgot Password
2023-11-02 18:48:11.680 INFO  page.GlobalFunctions text value is  Forgot Password
2023-11-02 18:48:15.510 INFO  page.GlobalFunctions actualText Forgot Password expectedText Forgot Password
2023-11-02 18:48:15.651 INFO  page.GlobalFunctions Taking screen shot....
2023-11-02 18:48:17.550 INFO  page.GlobalFunctions Element is displayed [[ChromeDriver: chrome on windows (a482f34329868e92d885a28e7a5ceb5f)] -> link text: Forgot Password]
2023-11-02 18:48:17.741 INFO  page.GlobalFunctions Taking screen shot....
2023-11-02 18:48:17.752 INFO  utility.ReadXml Key:abcd value: null
2023-11-02 18:48:17.756 INFO  utility.ReadXml Key:abcd value: null
2023-11-02 18:48:17.756 INFO  page.GlobalFunctions text value is  abcd
2023-11-02 18:48:19.169 INFO  page.GlobalFunctions Element is displayed [[ChromeDriver: chrome on windows (a482f34329868e92d885a28e7a5ceb5f)] -> id: email]
2023-11-02 18:48:19.224 INFO  page.GlobalFunctions Text in the field is cleard [[ChromeDriver: chrome on windows (a482f34329868e92d885a28e7a5ceb5f)] -> id: email]
2023-11-02 18:48:21.731 INFO  page.GlobalFunctions Enter the value abcd
2023-11-02 18:48:21.834 INFO  page.GlobalFunctions Taking screen shot....
2023-11-02 18:48:21.888 INFO  page.GlobalFunctions Element is displayed [[ChromeDriver: chrome on windows (a482f34329868e92d885a28e7a5ceb5f)] -> xpath: //*[@class='MuiButtonBase-root MuiButton-root MuiButton-contained MuiButton-containedPrimary MuiButton-sizeLarge MuiButton-containedSizeLarge MuiButton-fullWidth MuiButton-root MuiButton-contained MuiButton-containedPrimary MuiButton-sizeLarge MuiButton-containedSizeLarge MuiButton-fullWidth css-1s3d30o']]
2023-11-02 18:48:22.066 INFO  page.GlobalFunctions Taking screen shot....
2023-11-02 18:48:22.077 INFO  utility.ReadXml Key:email id label value: Enter Your Registered Email
2023-11-02 18:48:22.078 INFO  page.GlobalFunctions text value is  Enter Your Registered Email
2023-11-02 18:49:47.612 INFO  utility.ReadXml Key:email id label value: Enter Your Registered Email
2023-11-02 18:49:47.613 INFO  page.GlobalFunctions text value is  Enter Your Registered Email
2023-11-02 18:50:37.034 INFO  page.CommonPage launching Vender application
2023-11-02 18:50:37.265 INFO  page.GlobalFunctions Taking screen shot....
2023-11-02 18:50:37.288 INFO  utility.ReadXml Key:forgot password value: Forgot Password
2023-11-02 18:50:37.289 INFO  page.GlobalFunctions text value is  Forgot Password
2023-11-02 18:50:41.368 INFO  page.GlobalFunctions actualText Forgot Password expectedText Forgot Password
2023-11-02 18:50:41.511 INFO  page.GlobalFunctions Taking screen shot....
2023-11-02 18:50:42.671 INFO  page.GlobalFunctions Element is displayed [[ChromeDriver: chrome on windows (ec26fb384f74ce7cd3c23b9dc24c699d)] -> link text: Forgot Password]
2023-11-02 18:50:42.898 INFO  page.GlobalFunctions Taking screen shot....
2023-11-02 18:50:42.911 INFO  utility.ReadXml Key:abcd value: null
2023-11-02 18:50:42.914 INFO  utility.ReadXml Key:abcd value: null
2023-11-02 18:50:42.914 INFO  page.GlobalFunctions text value is  abcd
2023-11-02 18:50:44.048 INFO  page.GlobalFunctions Element is displayed [[ChromeDriver: chrome on windows (ec26fb384f74ce7cd3c23b9dc24c699d)] -> id: email]
2023-11-02 18:50:44.125 INFO  page.GlobalFunctions Text in the field is cleard [[ChromeDriver: chrome on windows (ec26fb384f74ce7cd3c23b9dc24c699d)] -> id: email]
2023-11-02 18:50:46.410 INFO  page.GlobalFunctions Enter the value abcd
2023-11-02 18:50:46.511 INFO  page.GlobalFunctions Taking screen shot....
2023-11-02 18:50:46.561 INFO  page.GlobalFunctions Element is displayed [[ChromeDriver: chrome on windows (ec26fb384f74ce7cd3c23b9dc24c699d)] -> xpath: //*[@class='MuiButtonBase-root MuiButton-root MuiButton-contained MuiButton-containedPrimary MuiButton-sizeLarge MuiButton-containedSizeLarge MuiButton-fullWidth MuiButton-root MuiButton-contained MuiButton-containedPrimary MuiButton-sizeLarge MuiButton-containedSizeLarge MuiButton-fullWidth css-1s3d30o']]
2023-11-02 18:50:46.751 INFO  page.GlobalFunctions Taking screen shot....
2023-11-02 18:50:46.762 INFO  utility.ReadXml Key:email id label value: Enter Your Registered Email *
2023-11-02 18:50:46.762 INFO  page.GlobalFunctions text value is  Enter Your Registered Email *
2023-11-02 18:51:02.436 INFO  page.GlobalFunctions actualText Enter Your Registered Email * expectedText Enter Your Registered Email *
2023-11-02 18:51:02.532 INFO  page.GlobalFunctions Taking screen shot....
2023-11-02 18:51:02.638 INFO  page.GlobalFunctions Taking screen shot....
2023-11-02 18:54:28.863 INFO  page.CommonPage launching Vender application
2023-11-02 18:54:29.168 INFO  page.GlobalFunctions Taking screen shot....
2023-11-02 18:54:29.200 INFO  utility.ReadXml Key:forgot password value: Forgot Password
2023-11-02 18:54:29.201 INFO  page.GlobalFunctions text value is  Forgot Password
2023-11-02 18:54:33.198 INFO  page.GlobalFunctions actualText Forgot Password expectedText Forgot Password
2023-11-02 18:54:33.348 INFO  page.GlobalFunctions Taking screen shot....
2023-11-02 18:54:34.613 INFO  page.GlobalFunctions Element is displayed [[ChromeDriver: chrome on windows (5b4647bdf0f3fe34bd734aa88acee77f)] -> link text: Forgot Password]
2023-11-02 18:54:34.833 INFO  page.GlobalFunctions Taking screen shot....
2023-11-02 18:54:34.843 INFO  utility.ReadXml Key:abcd value: null
2023-11-02 18:54:34.847 INFO  utility.ReadXml Key:abcd value: null
2023-11-02 18:54:34.847 INFO  page.GlobalFunctions text value is  abcd
2023-11-02 18:54:36.282 INFO  page.GlobalFunctions Element is displayed [[ChromeDriver: chrome on windows (5b4647bdf0f3fe34bd734aa88acee77f)] -> id: email]
2023-11-02 18:54:36.331 INFO  page.GlobalFunctions Text in the field is cleard [[ChromeDriver: chrome on windows (5b4647bdf0f3fe34bd734aa88acee77f)] -> id: email]
2023-11-02 18:54:39.811 INFO  page.GlobalFunctions Enter the value abcd
2023-11-02 18:54:39.907 INFO  page.GlobalFunctions Taking screen shot....
2023-11-02 18:54:41.179 INFO  page.GlobalFunctions Element is displayed [[ChromeDriver: chrome on windows (5b4647bdf0f3fe34bd734aa88acee77f)] -> xpath: //*[@class='MuiButtonBase-root MuiButton-root MuiButton-contained MuiButton-containedPrimary MuiButton-sizeLarge MuiButton-containedSizeLarge MuiButton-fullWidth MuiButton-root MuiButton-contained MuiButton-containedPrimary MuiButton-sizeLarge MuiButton-containedSizeLarge MuiButton-fullWidth css-1s3d30o']]
2023-11-02 18:54:41.359 INFO  page.GlobalFunctions Taking screen shot....
2023-11-02 18:54:41.369 INFO  utility.ReadXml Key:email id label value: Enter Your Registered Email *
2023-11-02 18:54:41.369 INFO  page.GlobalFunctions text value is  Enter Your Registered Email *
2023-11-02 18:54:48.360 INFO  page.GlobalFunctions actualText Enter Your Registered Email * expectedText Enter Your Registered Email *
2023-11-02 18:54:48.456 INFO  page.GlobalFunctions Taking screen shot....
2023-11-02 18:54:53.832 INFO  page.GlobalFunctions Element is displayed [[ChromeDriver: chrome on windows (5b4647bdf0f3fe34bd734aa88acee77f)] -> xpath: //*[@class='MuiTypography-root MuiTypography-body2 css-1ujpxk5']]
2023-11-02 18:54:54.061 INFO  page.GlobalFunctions Taking screen shot....
2023-11-02 18:54:54.074 INFO  utility.ReadXml Key:login to dms value: Login To DMS
2023-11-02 18:54:54.075 INFO  page.GlobalFunctions text value is  Login To DMS
2023-11-02 18:55:06.800 INFO  page.GlobalFunctions actualText Login To DMS expectedText Login To DMS
2023-11-02 18:55:06.907 INFO  page.GlobalFunctions Taking screen shot....
2023-11-02 18:55:54.448 INFO  page.CommonPage launching Vender application
2023-11-02 18:55:54.596 INFO  page.GlobalFunctions Taking screen shot....
2023-11-02 18:55:54.619 INFO  utility.ReadXml Key:forgot password value: Forgot Password
2023-11-02 18:55:54.619 INFO  page.GlobalFunctions text value is  Forgot Password
2023-11-02 18:55:54.665 INFO  page.GlobalFunctions actualText Forgot Password expectedText Forgot Password
2023-11-02 18:55:54.867 INFO  page.GlobalFunctions Taking screen shot....
2023-11-02 18:55:54.936 INFO  page.GlobalFunctions Element is displayed [[ChromeDriver: chrome on windows (aee59d7a855eea765b2c0ef2b04dad0d)] -> link text: Forgot Password]
2023-11-02 18:55:55.149 INFO  page.GlobalFunctions Taking screen shot....
2023-11-02 18:55:55.158 INFO  utility.ReadXml Key:forgot password value: Forgot Password
2023-11-02 18:55:55.159 INFO  page.GlobalFunctions text value is  Forgot Password
2023-11-02 18:55:55.193 INFO  page.GlobalFunctions actualText Forgot Password expectedText Forgot Password
2023-11-02 18:55:55.282 INFO  page.GlobalFunctions Taking screen shot....
2023-11-02 18:55:55.294 INFO  utility.ReadXml Key:resolve message value: Don't worry. We will resolve this ASAP
2023-11-02 18:55:55.294 INFO  page.GlobalFunctions text value is  Don't worry. We will resolve this ASAP
2023-11-02 18:55:55.326 INFO  page.GlobalFunctions actualText Don't worry. We will resolve this ASAP expectedText Don't worry. We will resolve this ASAP
2023-11-02 18:55:55.425 INFO  page.GlobalFunctions Taking screen shot....
2023-11-02 18:55:55.434 INFO  utility.ReadXml Key:email default text value: Enter Your Registered Email *
2023-11-02 18:55:55.434 INFO  page.GlobalFunctions text value is  Enter Your Registered Email *
2023-11-02 18:55:55.472 INFO  page.GlobalFunctions attribute value is Enter Your Registered Email *
2023-11-02 18:55:55.549 INFO  page.GlobalFunctions Taking screen shot....
2023-11-02 18:55:55.561 INFO  utility.ReadXml Key:document management system text value: DOCUMENT MANAGEMENT SYSTEM
2023-11-02 18:55:55.561 INFO  page.GlobalFunctions text value is  DOCUMENT MANAGEMENT SYSTEM
2023-11-02 18:55:55.590 INFO  page.GlobalFunctions actualText DOCUMENT MANAGEMENT SYSTEM expectedText DOCUMENT MANAGEMENT SYSTEM
2023-11-02 18:55:55.672 INFO  page.GlobalFunctions Taking screen shot....
2023-11-02 18:55:55.683 INFO  utility.ReadXml Key:back to login link text value: Back To Login
2023-11-02 18:55:55.683 INFO  page.GlobalFunctions text value is  Back To Login
2023-11-02 18:55:55.715 INFO  page.GlobalFunctions actualText Back To Login expectedText Back To Login
2023-11-02 18:55:55.795 INFO  page.GlobalFunctions Taking screen shot....
2023-11-02 18:55:55.804 INFO  utility.ReadXml Key:submit field text value: SUBMIT
2023-11-02 18:55:55.804 INFO  page.GlobalFunctions text value is  SUBMIT
2023-11-02 18:55:55.834 INFO  page.GlobalFunctions actualText SUBMIT expectedText SUBMIT
2023-11-02 18:55:55.923 INFO  page.GlobalFunctions Taking screen shot....
2023-11-02 18:55:55.933 INFO  utility.ReadXml Key:abcd value: null
2023-11-02 18:55:55.935 INFO  utility.ReadXml Key:abcd value: null
2023-11-02 18:55:55.935 INFO  page.GlobalFunctions text value is  abcd
2023-11-02 18:55:55.984 INFO  page.GlobalFunctions Element is displayed [[ChromeDriver: chrome on windows (aee59d7a855eea765b2c0ef2b04dad0d)] -> id: email]
2023-11-02 18:55:56.027 INFO  page.GlobalFunctions Text in the field is cleard [[ChromeDriver: chrome on windows (aee59d7a855eea765b2c0ef2b04dad0d)] -> id: email]
2023-11-02 18:55:56.092 INFO  page.GlobalFunctions Enter the value abcd
2023-11-02 18:55:56.186 INFO  page.GlobalFunctions Taking screen shot....
2023-11-02 18:55:56.240 INFO  page.GlobalFunctions Element is displayed [[ChromeDriver: chrome on windows (aee59d7a855eea765b2c0ef2b04dad0d)] -> xpath: //*[@class='MuiButtonBase-root MuiButton-root MuiButton-contained MuiButton-containedPrimary MuiButton-sizeLarge MuiButton-containedSizeLarge MuiButton-fullWidth MuiButton-root MuiButton-contained MuiButton-containedPrimary MuiButton-sizeLarge MuiButton-containedSizeLarge MuiButton-fullWidth css-1s3d30o']]
2023-11-02 18:55:56.407 INFO  page.GlobalFunctions Taking screen shot....
2023-11-02 18:55:56.416 INFO  utility.ReadXml Key:email id label value: Enter Your Registered Email *
2023-11-02 18:55:56.416 INFO  page.GlobalFunctions text value is  Enter Your Registered Email *
2023-11-02 18:55:56.448 INFO  page.GlobalFunctions actualText Enter Your Registered Email * expectedText Enter Your Registered Email *
2023-11-02 18:55:56.557 INFO  page.GlobalFunctions Taking screen shot....
2023-11-02 18:55:56.601 INFO  page.GlobalFunctions Element is displayed [[ChromeDriver: chrome on windows (aee59d7a855eea765b2c0ef2b04dad0d)] -> xpath: //*[@class='MuiTypography-root MuiTypography-body2 css-1ujpxk5']]
2023-11-02 18:55:56.765 INFO  page.GlobalFunctions Taking screen shot....
2023-11-02 18:55:56.774 INFO  utility.ReadXml Key:login to dms value: Login To DMS
2023-11-02 18:55:56.774 INFO  page.GlobalFunctions text value is  Login To DMS
2023-11-02 18:55:56.808 INFO  page.GlobalFunctions actualText Login To DMS expectedText Login To DMS
2023-11-02 18:55:56.930 INFO  page.GlobalFunctions Taking screen shot....
2023-11-03 13:53:37.951 INFO  page.CommonPage launching Vender application
2023-11-03 13:53:38.103 INFO  page.GlobalFunctions Taking screen shot....
2023-11-03 13:53:38.129 INFO  utility.ReadXml Key:forgot password value: Forgot Password
2023-11-03 13:53:38.129 INFO  page.GlobalFunctions text value is  Forgot Password
2023-11-16 01:49:25.887 INFO  page.GlobalFunctions actualText Forgot Password expectedText Forgot Password
